Made by,Price,Prime or not,Stars,# of Reviews,Stock,Delivery option,Questions,Label
941,199.99,1,3.6,1569,1,0,1000,1
941,299.99,1,3.8,1569,0,0,1000,1
915,349.99,1,4.1,2985,0,0,707,1
915,279.99,1,3.8,2985,0,1,707,1
915,129.99,1,3.6,4234,1,0,1000,1
915,199.99,1,3.4,23,1,1,146,1
472,129.99,1,3.4,29,1,0,196,1
915,199.99,1,4.2,4234,1,1,1000,1
821,1297.99,1,3.8,139,0,1,146,1
821,417.99,1,4.3,173,1,1,153,1
71,199,1,4.1,1309,1,1,811,1
17,129.99,1,5,396,1,1,597,1
71,474.99,1,3.1,988,1,1,813,1
17,129.99,1,4,26,1,1,49,1
325,199.99,1,4.6,2,1,1,0,1
17,266.98,1,4,1255,1,1,804,1
660,990.49,1,3.5,289,1,1,189,1
821,189.99,1,4,684,1,0,762,1
566,299.99,1,4,9,1,1,20,1
17,1159.11,1,3.6,172,1,1,324,1
234,189.99,1,2.7,354,1,1,375,1
464,129.99,1,3.5,700,1,1,355,1
457,185.99,1,3.6,570,1,1,633,1
234,999,1,3.5,239,1,1,229,1
17,366.68,1,3.3,21,1,1,44,1
234,1299,1,3.8,9,1,1,16,1
17,547,1,4,21,1,1,44,1
860,649.99,1,3.8,166,1,1,180,1
234,749,1,2.7,2484,1,1,1000,1
17,648,1,3.9,29,1,1,70,1
586,699.99,1,3.7,2851,1,1,874,1
1052,379.95,1,3.4,49,1,1,123,1
491,379.95,1,4.4,42,1,1,52,1
821,119.99,1,3.3,379,1,1,473,1
1008,99.99,1,1,8,0,0,26,1
631,119.99,1,3.5,18,1,1,21,1
571,169.99,1,3.1,95,0,0,93,1
841,113.17,1,3.5,82,1,1,43,1
871,1646,1,5,2,1,0,4,1
787,104.29,1,3.7,26,1,1,27,1
39,159.99,1,4,238,0,1,1000,1
39,99.99,1,4,3275,1,1,1000,1
58,89.99,0,4.8,110,1,0,131,1
39,119.99,1,4,3275,1,1,1000,1
39,59.99,1,4,1161,0,1,1000,1
39,99.99,1,4.4,10296,0,1,1000,1
39,79.99,1,4,3275,0,1,1000,1
58,119.99,0,4.8,110,1,0,131,1
39,99.99,1,4.4,10296,0,1,1000,1
58,119.99,0,4.8,110,1,1,131,1
173,89.99,1,4.3,3499,1,1,1000,1
363,89.99,1,3.8,384,1,1,193,1
457,89.99,1,4,1371,1,1,596,1
457,59.99,1,3.9,1695,1,1,919,1
457,59.99,1,3.9,433,1,1,336,1
457,179.89,1,3.4,1118,1,1,581,1
457,59.99,1,3.7,286,1,1,182,1
173,29.99,1,4.3,2148,0,0,1000,1
457,59.99,1,3.8,6,1,1,9,1
154,118.67,1,3.9,2855,1,1,1000,1
173,399,1,4,1072,1,0,751,1
173,399,1,4,366,1,1,431,1
173,439,1,3,303,1,0,139,1
173,249,1,4,174,1,1,122,1
173,439.95,1,4.5,179,1,0,107,1
13,40.99,1,3.9,0,1,1,118,1
872,40.99,1,3.4,183,0,1,203,1
721,497.99,1,4,139,0,1,95,1
173,249,1,3.7,206,1,1,223,1
481,37.58,1,3.9,31,1,0,27,1
949,79.99,1,4,4,0,1,16,1
399,49.99,1,2,1155,1,1,916,1
58,199.99,1,4.2,130,1,0,0,1
821,190.2,1,3.9,425,1,0,167,1
949,86.9,1,3.8,317,0,1,498,1
821,189.99,1,3.9,581,1,0,331,1
949,64.99,1,4.4,0,1,1,0,1
399,49.99,1,2,1155,1,1,916,1
949,11.99,1,5,2,1,1,8,1
821,189.99,1,5,321,1,0,139,1
1014,24.99,1,4.6,287,1,1,57,1
491,59.95,1,4.5,4297,1,0,1000,1
169,25.99,1,3.8,30343,1,1,1000,1
144,59.95,1,4.5,1093,1,1,353,1
491,89.95,1,3.7,2072,1,0,677,1
144,59.95,1,4.5,1093,1,1,353,1
53,27.99,1,3.8,10676,1,1,71,1
169,39.99,1,3.8,2276,1,1,494,1
491,59.95,1,3.6,4297,1,0,1000,1
871,59.95,1,3.6,973,1,1,615,1
467,7.99,1,4.6,2338,0,1,68,1
761,6.88,1,4.7,3742,0,0,79,1
23,32.99,1,4.6,3492,0,1,76,1
1063,35.99,1,4.5,2028,0,0,59,1
486,9.99,1,4.4,762,0,1,42,1
58,327.8,1,2.6,6,0,1,0,1
23,32.99,1,4.5,1249,0,1,29,1
989,9.9,1,4.8,2249,0,0,37,1
522,8.99,1,3.7,501,1,0,14,1
582,9.98,1,4.3,525,1,1,15,1
163,5.11,1,4.6,1242,1,1,37,1
685,20,1,4.2,941,1,1,79,1
321,0.19,1,5,1,1,0,0,1
163,5.42,1,4.4,5639,1,1,92,1
246,16.99,1,3.9,5149,0,0,247,1
671,111.73,1,4.5,8942,0,0,239,1
671,11.99,1,4.3,2503,0,0,124,1
671,10.99,1,4.3,8389,0,1,310,1
699,20.98,1,4.2,5206,0,0,184,1
1065,12.98,1,4.3,277,1,0,29,1
22,21.5,1,4.2,475,0,1,249,1
64,14.4,1,4.6,925,0,1,43,1
920,19.98,1,4.5,791,0,0,69,1
920,19.98,1,4.4,1063,0,0,114,1
671,18.77,1,4.4,2447,0,1,73,1
106,31.26,1,4.3,4818,0,0,256,1
671,8.99,1,4.4,346,0,1,17,1
757,16.99,1,4.3,98,0,0,10,1
671,14.99,1,4.7,235,0,1,0,1
275,37.99,1,4.4,232,0,0,17,1
671,14.99,1,4.4,244,0,0,20,1
671,7.46,1,4.6,6336,1,1,78,1
685,20,1,4.2,941,1,1,79,1
22,26.28,1,4.5,1535,0,1,532,1
671,6.99,1,3.9,1187,0,1,22,1
560,29.99,1,4.4,2271,0,0,221,1
671,14.99,1,4.5,8744,0,0,239,1
671,18,1,4.4,391,0,1,13,1
717,19.8,1,4,1018,0,0,54,1
671,10.99,1,4.4,6829,0,1,83,1
671,6.99,1,4.4,370,0,1,9,1
22,21.5,1,4.2,475,0,1,249,1
64,49.9,1,4.6,925,0,1,43,1
920,19.98,1,4.5,791,0,0,69,1
671,12.79,1,4.6,568,0,1,11,1
920,19.98,1,4.4,1063,0,0,114,1
973,40,1,4.4,19,0,1,6,1
671,18.77,1,4.4,2447,0,1,73,1
64,21.18,1,4.2,1013,0,1,202,1
920,23.98,1,4.1,275,0,0,56,1
671,14.99,1,4.6,397,0,1,18,1
671,6.99,1,4.4,370,0,1,9,1
64,14.4,1,4.6,925,0,1,43,1
671,9.99,1,4.4,176,0,1,9,1
671,9.99,1,4.6,164,0,1,10,1
671,9.99,1,4.4,118,0,1,10,1
671,13.59,1,4.8,337,0,1,7,1
671,12.79,1,4.6,568,0,1,11,1
671,13.59,1,4.7,424,0,1,7,1
671,51.95,1,4.4,2447,0,1,73,1
671,14.99,1,4.4,362,0,1,16,1
671,10.43,1,4.4,4264,0,1,332,1
671,50.14,1,4.3,2222,0,1,124,1
64,49.9,1,4.6,925,0,1,43,1
1072,6.99,1,4.6,375,0,0,12,1
671,49.99,1,4.1,3744,0,0,58,1
671,13.99,1,4.4,2713,0,1,56,1
671,45.65,1,4.4,3638,0,1,435,1
671,11.52,1,4.1,2905,0,1,104,1
924,12.99,1,4.4,1047,0,0,13,1
714,19.99,1,4.5,7455,0,1,403,1
1059,50.99,1,4.4,1132,1,0,287,1
991,22.99,1,4,835,1,0,99,1
882,19.77,1,5,720,1,0,38,1
792,22.95,1,4.5,5182,1,1,525,1
427,9.99,1,4.7,206,1,0,20,1
973,29.99,1,4.5,867,0,1,141,1
82,19.99,1,4.3,1336,1,0,77,1
84,23.95,1,4.7,2561,0,0,62,1
513,49.95,1,4.7,3279,1,0,338,1
671,49.99,1,4.1,3744,0,1,58,1
857,21.97,1,4.1,2060,0,0,60,1
671,18.49,1,4.4,2655,0,1,47,1
22,29.95,1,4.4,285,0,0,45,1
64,18.99,1,3.8,2501,0,1,287,1
671,39.97,1,4.4,820,0,0,74,1
671,18.5,1,4.1,1869,0,1,167,1
22,24.95,1,4.5,391,0,0,110,1
671,15,1,4.4,6613,0,1,115,1
671,14.99,1,4.4,6613,0,1,115,1
352,20.36,1,4.5,2133,0,1,170,1
678,9.33,1,4.5,105,1,1,6,1
237,14.88,1,4.2,306,0,0,8,1
260,5.88,1,4.3,745,1,1,62,1
633,26.25,1,4.7,1462,1,1,62,1
331,26.95,1,4.5,879,0,0,47,1
678,8.88,1,4.7,27,0,1,4,1
509,8.99,1,4.6,1164,0,0,44,1
681,19.99,1,4.3,194,0,0,14,1
1070,9.99,1,4.4,352,1,0,14,1
309,4.6,1,4.4,4698,1,1,66,1
208,5.49,1,4.7,1131,1,1,47,1
309,6.08,1,4.3,1838,1,1,42,1
498,13.95,1,4.3,485,1,0,28,1
1017,8.77,1,4.2,1354,0,1,57,1
583,7.99,1,4.5,5086,1,1,166,1
994,5.99,1,4.6,127,0,0,21,1
309,4.8,1,4.2,1733,1,1,42,1
868,9.48,1,4.4,1241,1,0,23,1
831,9.81,1,3.7,1206,1,1,255,1
634,27,1,4.4,46365,1,1,1000,1
1058,63,1,4.3,1765,1,0,358,1
547,18.85,1,4.5,3954,1,1,153,1
1073,63.5,1,4.4,926,1,0,172,1
634,27,1,4.4,46365,1,1,1000,1
1058,63,1,4.3,1765,1,0,358,1
547,18.85,1,4.5,3954,1,1,153,1
1073,63.5,1,4.4,926,1,0,172,1
112,36.99,1,4.7,3530,0,1,182,1
112,19.99,1,4.2,5593,1,1,194,1
473,59.95,1,4.5,28382,1,1,1000,1
473,79.95,1,3.7,1708,1,1,620,1
473,99.95,1,3.7,3752,1,1,850,1
1054,29.99,1,4.4,1827,1,0,112,1
692,17.29,1,4.5,5680,1,1,343,1
634,27,1,4.4,46365,1,0,1000,1
41,13.99,1,4.3,16110,1,1,546,1
818,24.95,1,4.4,32140,1,0,1000,1
1058,63,1,4.3,1765,1,0,358,1
547,18.85,1,4.5,3954,1,1,153,1
1073,63.5,1,4.4,926,1,0,172,1
908,23.99,1,4.4,30882,1,1,417,1
112,36.99,1,4.7,3530,0,1,182,1
112,19.99,1,4.2,5593,1,1,194,1
756,9.89,1,4.4,12017,0,1,274,1
572,9.99,1,4.3,5102,1,0,125,1
960,12.99,1,4.2,15137,1,1,227,1
395,15.99,1,4.3,4172,1,1,181,1
395,14.49,1,4.2,1378,1,1,72,1
670,17.99,1,4.4,530,1,0,33,1
379,12.99,1,4.5,1671,1,1,44,1
625,6.16,1,4.4,5359,1,1,66,1
469,14.99,1,4.3,5790,1,0,130,1
41,15.99,1,4.6,3741,1,1,91,1
1069,53.06,1,4,23705,0,1,1000,1
1069,79.94,1,4.1,22723,1,1,1000,1
577,39.99,1,4.4,2536,1,1,468,1
41,49.99,1,4,2061,1,1,170,1
700,88,1,3.9,5,0,1,3,1
961,350,1,4.2,6989,1,1,1000,1
577,64,1,3.8,3208,1,1,385,1
442,108.99,1,3.6,627,1,0,68,1
518,5.99,1,3.9,575,1,0,37,1
999,6.99,1,3.5,444,1,1,5,1
344,6.99,1,4.1,2702,1,0,68,1
975,17.3,1,4.2,1984,0,1,277,1
1031,59.31,1,4.9,2820,1,1,102,1
1053,24.99,1,4,691,0,1,27,1
771,12.99,1,4.1,642,1,1,42,1
907,49.98,1,4.7,53,1,1,16,1
1016,19.97,1,4.4,156,1,0,19,1
614,28.99,1,4.4,485,1,0,74,1
382,14.99,1,4,82,1,1,9,1
929,8.77,1,4.3,386,1,1,5,1
290,29.97,1,4.5,729,1,1,48,1
939,17.99,1,4.3,4215,0,0,84,1
117,10.99,1,4.3,133,1,1,37,1
30,25.01,1,4.3,1815,0,0,132,1
46,23.95,1,4,238,1,1,27,1
518,5.99,1,3.9,575,1,1,37,1
963,17.99,1,4.3,1589,1,1,282,1
585,24.99,1,3.7,377,1,1,64,1
999,6.99,1,3.5,444,1,0,5,1
537,70.28,1,4.7,1438,1,0,159,1
771,12.99,1,4.1,642,1,1,42,1
922,29.95,1,4.4,926,1,1,71,1
775,39.99,1,3.8,9604,1,0,823,1
930,10.49,1,4.5,9821,1,1,190,1
450,64.99,1,3.8,4381,1,1,477,1
450,9.99,1,3.8,11259,1,1,723,1
570,89.99,1,3.9,2332,1,1,685,1
570,39.98,1,3.8,250,1,1,63,1
450,23.99,1,3.3,2001,1,1,104,1
324,56.95,1,3.8,2202,1,0,449,1
482,19.99,1,4.2,1330,1,0,158,1
776,19.97,1,4.1,8032,1,1,374,1
136,44.9,1,3.8,5309,1,1,382,1
109,34.99,1,3.8,620,1,0,103,1
809,69.24,1,3.8,2213,1,1,158,1
565,14.99,1,4.4,1411,1,1,53,1
809,68.99,1,3.8,4679,1,1,458,1
136,14.99,1,3.6,2520,0,1,107,1
979,19.99,1,4,4525,1,1,233,1
264,24.99,1,4.4,35,0,1,23,1
633,7.99,1,4.6,901,1,1,36,1
745,12.99,1,4.4,156,1,1,7,1
223,22.49,1,4.1,41,1,1,24,1
211,19.97,1,3.3,37,1,1,6,1
745,7.99,1,3.9,2113,1,1,43,1
223,17.99,1,4.7,1475,1,1,99,1
298,13.55,1,3.8,900,1,1,53,1
260,7.39,1,4.4,266,1,1,9,1
223,24.99,1,4.3,537,1,1,77,1
223,9.42,1,4.2,1261,1,1,51,1
923,3.99,1,4.8,2202,1,1,34,1
630,7.49,1,4.7,5462,1,1,154,1
630,14.92,1,4.7,5462,1,1,154,1
723,24.99,1,4.7,9,1,1,7,1
337,14.99,1,4.6,72,1,1,0,1
1012,13.88,1,4.7,1635,1,1,43,1
1012,19.99,1,4.5,350,1,1,15,1
411,27.02,1,4.5,1123,1,1,34,1
611,10.89,1,4.7,4083,1,1,79,1
562,39.99,1,4.7,93,1,1,31,1
562,11.99,1,4.7,641,1,1,19,1
562,99.95,1,4.5,77,1,1,8,1
562,64,1,5,53,1,1,6,1
562,27.99,1,4.7,1808,1,1,88,1
562,15.99,1,5,67,0,1,4,1
562,23.99,1,4.8,148,1,1,7,1
970,16.83,1,4.7,2636,0,0,102,1
752,12.98,1,4.4,139,1,1,18,1
752,9.47,1,3.5,2464,1,1,128,1
752,9.74,1,3.7,681,1,1,64,1
752,11.99,1,4.5,85,1,1,6,1
752,33.88,1,4.2,182,1,1,19,1
970,13.99,1,4.1,1477,1,0,31,1
236,10.99,1,3.9,169,1,1,25,1
544,9.99,1,4.5,150,1,1,40,1
544,79,1,4.3,105,1,1,30,1
545,10.99,1,3.7,84,1,1,22,1
545,29.88,1,4.3,766,1,1,71,1
545,14.99,1,4.4,225,1,1,49,1
545,13.88,1,4.3,65,1,1,30,1
404,9.99,1,4.4,96,1,1,13,1
94,16.79,1,4.5,305,1,1,33,1
94,34.99,1,4.7,566,1,1,37,1
922,29.95,1,4.5,3076,1,1,127,1
633,23.99,1,4.6,2334,1,1,33,1
684,69.97,1,4.5,359,1,0,109,1
179,29.99,1,4.1,2732,1,0,114,1
732,54.99,1,4.8,1739,1,1,67,1
750,29.99,1,4.8,6,1,1,0,1
581,13.88,1,4.5,1169,1,1,46,1
633,15.99,1,4.5,1422,1,1,28,1
621,16.83,1,3.9,598,1,1,79,1
556,27.99,1,4.4,1538,1,1,102,1
326,19.99,1,4.4,11895,1,1,222,1
417,5.36,1,4.6,2451,1,1,0,1
417,8.58,1,4.7,3355,1,1,74,1
417,10.72,1,4.2,134,1,1,0,1
763,10,1,4.1,255,1,1,13,1
417,12.88,1,4.5,229,1,1,13,1
181,44.1,1,4.4,1846,1,1,81,1
417,10,1,3.7,1611,1,1,14,1
1071,24.99,1,4.7,2246,1,1,89,1
1012,10.34,1,4.6,805,0,1,21,1
99,12.97,1,3.9,307,0,1,59,1
1012,19.88,1,4.2,1017,1,1,54,1
337,9.99,1,4.7,317,0,1,35,1
580,26.99,1,4.2,446,1,1,37,1
1012,39.99,1,4.2,390,1,1,195,1
555,8.5,1,4.4,720,1,1,27,1
337,34.73,1,4.5,17,1,1,3,1
126,39.99,1,4.4,14,1,1,4,1
953,26.99,1,3.9,44,1,1,10,1
301,14.99,1,4,106,1,0,6,1
726,28.87,1,4.6,1395,1,1,86,1
678,24.88,1,3.4,57,1,1,12,1
1041,24.99,1,3.4,4,1,1,3,1
884,6.79,1,4.5,97,1,1,10,1
337,31.99,1,4.8,64,1,1,7,1
579,17.72,1,4.3,34,1,1,0,1
786,29.99,1,3.6,4099,1,1,333,1
396,149.99,1,3.5,36,1,0,36,1
786,49.94,1,4.2,2849,1,1,433,1
786,19.99,1,5,1285,0,0,73,1
337,34.99,1,4.3,3026,1,1,198,1
581,27.07,1,3.6,1053,1,1,64,1
492,16.98,1,4.4,1101,0,0,130,1
793,29.99,1,3.6,741,1,1,170,1
893,95.99,1,2.9,1595,1,0,143,1
780,69,1,3,2067,1,1,294,1
72,33.99,1,3.9,56,0,0,12,0
44,13.99,1,3.9,269,1,1,9,0
366,19.99,1,4.6,918,1,1,28,0
106,33.63,0,4.3,4709,0,0,236,0
561,11.48,1,4.4,1,0,0,0,0
459,72.9,0,4,1021,0,0,43,0
1060,7.99,1,4.1,454,0,1,10,0
148,25.86,0,4.2,84,0,0,20,0
366,26.99,1,4.6,157,1,1,7,0
383,5.95,0,4.5,1825,0,0,131,0
612,6.5,0,4.3,424,0,0,31,0
635,10.99,1,4.1,586,1,1,16,0
448,19.5,1,4,1018,0,0,112,0
1010,12.99,1,3.1,482,0,0,7,0
938,9.99,1,3.9,1035,1,1,19,0
709,99.99,1,4.3,5275,0,0,343,0
765,26.99,1,4.2,385,0,0,21,0
252,13.25,1,4.3,1670,0,1,54,0
246,18.99,1,4.4,2183,0,0,148,0
649,19.99,1,4.4,2809,0,0,372,0
847,29.99,1,4.3,758,0,0,84,0
1019,10.99,1,4.4,1256,1,1,31,0
367,25.99,1,4.8,24,0,0,0,0
945,9.95,1,4.3,292,1,1,6,0
348,15.49,0,4.1,2526,0,0,195,0
962,14.99,1,4.5,1086,0,1,47,0
88,13,1,4.6,2320,1,1,91,0
1003,16.99,1,4.3,1427,0,0,104,0
973,10.86,0,4.4,1257,0,0,49,0
410,6.44,0,3.9,1129,0,0,28,0
323,15.99,1,3.8,1395,0,0,77,0
934,14.99,1,4.2,214,1,1,21,0
200,23.93,0,4.5,6149,0,0,228,0
881,15.99,0,4.3,4154,0,0,182,0
1002,7.88,1,4.1,1023,0,0,60,0
383,25.87,0,4.3,560,0,0,32,0
120,14.89,1,4.4,370,1,1,16,0
157,7.89,1,4.1,219,0,0,20,0
204,7.95,1,4.1,2627,0,0,105,0
176,18.49,0,4.4,2630,0,0,47,0
972,18.99,1,4.2,1735,0,0,48,0
64,59.99,0,4.4,1652,0,0,228,0
182,13.99,1,4.3,458,1,1,29,0
262,25.99,0,4.1,335,0,0,15,0
421,10.95,1,4.6,1282,1,1,33,0
388,5,0,4.3,2108,0,0,121,0
920,9.98,1,4.4,1090,0,0,98,0
52,15.99,0,4,1332,0,0,43,0
18,10.99,1,4.4,858,1,1,37,0
703,9.99,1,4.2,1086,1,1,64,0
569,34.99,0,4,4606,0,0,87,0
40,17,1,4.3,306,0,0,18,0
159,9.95,1,4.4,6,0,0,0,0
239,8.99,1,4.6,847,0,0,32,0
258,12.49,0,4,6061,0,0,153,0
848,38,1,4.3,1378,0,0,44,0
410,14.31,0,4.5,5164,0,0,145,0
383,29.99,0,4.2,743,0,0,43,0
685,20,1,4.3,459,0,0,59,0
362,13.99,0,4.4,2694,0,0,56,0
235,10.99,0,4.2,987,0,0,27,0
185,16.12,0,4.4,837,0,0,116,0
284,12.29,0,4.5,4891,0,0,142,0
410,11.16,0,4.4,3454,0,0,119,0
945,9.95,1,4.3,292,1,1,6,0
988,18.99,0,4.3,1399,0,0,53,0
569,8.08,0,4.1,2828,0,0,99,0
962,14.99,1,4.5,1086,0,1,47,0
88,13,1,4.6,2319,1,1,91,0
934,14.99,1,4.2,214,1,1,21,0
616,8.99,0,4.5,3267,0,0,72,0
176,22.99,0,4.5,1581,0,0,20,0
1002,7.88,1,4.1,1023,0,0,60,0
1042,22.98,0,4.4,2121,0,0,98,0
383,25.87,0,4.3,560,0,0,32,0
848,19.92,0,4.3,864,0,0,36,0
816,49.4,0,3.8,2696,0,0,158,0
383,15,1,4.2,1079,0,0,34,0
1042,26.99,0,4.5,952,0,0,53,0
176,18.49,0,4.4,2630,0,0,47,0
1020,78.89,0,4.1,2753,0,0,515,0
142,57.29,0,4.6,494,0,0,33,0
645,27.99,1,4.4,626,0,0,21,0
40,20,1,4.5,292,0,0,34,0
383,27.16,0,4.4,387,0,0,29,0
790,21.99,1,4.7,469,1,1,24,0
1042,19.99,0,4.4,1834,0,0,44,0
69,39.88,0,4.5,2044,0,0,100,0
176,27.99,0,4.4,944,0,0,61,0
920,9.98,1,4.4,1090,0,0,98,0
4,21.99,1,4.3,1712,1,1,42,0
1068,24.85,1,3.8,78,0,0,8,0
590,10.99,1,4.5,1614,1,1,12,0
569,30.02,0,4.1,4559,0,0,93,0
451,7.95,0,5,3,0,0,4,0
945,9.95,1,3.9,650,1,1,19,0
921,39.99,0,4.4,74,0,0,10,0
434,9.99,1,4.1,670,1,1,17,0
672,15.99,1,4.6,1580,1,1,35,0
64,16.96,0,3.8,2485,0,0,269,0
591,10.99,1,4.7,295,0,0,4,0
919,12.98,0,3.8,114,0,0,12,0
200,23.27,0,4.7,5,0,0,4,0
806,5.99,0,4.6,1979,0,0,43,0
40,14.4,0,3.8,45,0,0,6,0
826,18.25,0,4.4,2847,0,0,50,0
158,9.95,0,5,2,0,0,0,0
798,13.98,0,4.3,1179,1,0,86,0
874,36.99,0,4.6,194,0,0,15,0
511,18.77,0,4,5,0,0,0,0
920,19.98,0,4.5,41,0,0,6,0
853,19.99,1,4.3,121,0,0,3,0
888,14,0,4.2,521,0,0,29,0
139,14.99,0,4.5,185,0,0,12,0
834,14.99,0,4.4,2067,1,1,53,0
377,17.95,0,3.6,68,0,0,7,0
140,28.99,0,4.2,95,0,0,12,0
354,19.49,0,4.6,2658,0,0,58,0
466,14.99,0,4.1,21,0,0,5,0
693,22.95,0,4.1,916,0,0,29,0
229,19.49,0,4.5,2105,0,0,144,0
757,17.99,0,4.4,81,0,0,9,0
174,19.99,0,4.2,954,0,0,56,0
920,13.98,0,4.4,666,0,0,91,0
177,8.99,0,5,2,0,0,0,0
511,34.99,0,4.6,337,0,0,19,0
366,23.99,0,4.3,76,1,1,6,0
76,13.95,0,4,112,0,0,0,0
143,12.88,0,4.3,318,0,0,10,0
177,8.99,0,5,3,0,0,0,0
437,29.99,0,4.3,86,0,0,14,0
238,8.98,0,4.3,172,0,0,13,0
898,6.1,0,4,526,0,0,32,0
559,8.49,0,4.2,166,0,0,9,0
814,19.99,0,4.7,10,0,0,0,0
289,9.98,0,4.5,255,0,0,11,0
509,19.99,0,4.6,1142,0,0,43,0
683,17.99,0,4.4,46,0,0,3,0
210,17.12,0,4.6,1634,0,0,811,0
241,15.99,0,4.4,141,0,0,12,0
683,16.99,0,4.4,253,0,0,4,0
275,32.99,0,4.3,277,0,0,20,0
920,7.98,0,4.4,925,0,0,47,0
20,8.2,0,3.8,2077,0,0,97,0
511,18,0,4.2,628,0,0,30,0
266,19.99,0,4.1,12,0,0,0,0
328,24.99,0,4.4,89,0,0,4,0
996,11.99,1,4.5,144,1,1,8,0
493,22.51,0,4,297,0,0,10,0
697,27.24,0,4.4,209,0,0,67,0
752,9.99,1,3.9,622,1,1,24,0
834,14.99,1,4.4,2090,1,1,53,0
362,45,0,4.3,1786,0,0,46,0
69,39.95,0,4,786,0,0,70,0
328,22.99,0,4.4,66,0,0,0,0
63,34.99,1,4.5,47,0,0,10,0
826,19.99,0,4.4,2830,0,0,50,0
569,16.92,0,4.2,653,0,0,47,0
739,16.97,0,4.4,377,0,0,27,0
822,16.98,1,4.1,31,0,0,3,0
888,14,0,4.2,525,0,0,29,0
200,45.14,0,4.3,801,0,0,84,0
285,8.99,1,4.3,68,1,1,9,0
935,65.66,0,4.3,1995,0,0,614,0
383,69.77,0,4.4,3658,0,0,442,0
568,12.99,0,4.5,1205,0,0,5,0
384,14.99,1,4.6,935,0,0,24,0
856,15.99,1,4.4,130,0,0,11,0
879,14.63,1,4.4,257,0,0,31,0
836,24.98,0,4.3,680,0,0,22,0
693,24.95,0,4.1,220,0,0,15,0
160,26.95,0,3.9,271,0,0,5,0
68,14.95,1,4.3,12,0,0,0,0
816,13.95,0,4,151,0,0,15,0
767,14.99,1,3.4,35,0,0,0,0
920,11.98,0,4.4,502,0,0,58,0
437,19.99,1,4.3,92,0,0,17,0
111,12.99,1,4.4,112,0,0,0,0
102,24.95,1,4.4,27,0,0,5,0
362,7.97,0,4.7,269,0,0,7,0
410,7.99,0,3.6,576,0,0,30,0
312,5.49,1,4.5,70,1,1,3,0
647,25.99,1,4.7,15,0,0,17,0
1050,15.99,0,3.9,6,0,0,12,0
770,12.99,1,3.9,281,0,0,10,0
683,13.99,1,4.7,98,0,0,7,0
568,13.99,1,4.2,753,0,0,15,0
200,45.84,0,4.6,213,0,0,47,0
210,17.12,0,4.6,1644,0,0,201,0
920,13.98,1,4.4,676,0,0,91,0
503,14.97,1,4.8,160,1,1,12,0
328,24.99,1,4.3,100,0,0,5,0
683,17.99,1,4.4,49,0,0,5,0
410,17.99,0,3.8,439,0,0,25,0
899,91.36,0,3.8,212,0,0,6,0
328,14.99,1,4.4,71,0,0,0,0
389,18.94,0,4.5,63,0,0,6,0
723,9.99,1,4,341,1,1,14,0
328,19.99,1,4.3,127,0,0,3,0
671,19.99,1,4.6,643,0,0,65,0
159,34.99,0,3.7,385,0,0,9,0
328,22.99,1,4.4,66,0,0,0,0
826,86.27,0,4.4,2830,0,0,50,0
822,16.98,1,4.1,31,0,0,3,0
853,15.99,1,4.3,64,0,0,9,0
285,8.99,1,4.3,68,1,1,9,0
935,65.66,0,4.3,1995,0,0,614,0
568,12.99,0,4.5,1205,0,0,5,0
1025,14.95,1,4.7,42,0,0,0,0
587,23,0,4.4,94,0,0,3,0
856,12.99,1,4.4,130,0,0,11,0
1011,12.98,1,4,646,1,1,36,0
836,9.88,0,4.3,680,0,0,22,0
490,9.99,1,4.6,148,0,0,8,0
853,15.99,1,4.7,309,0,0,14,0
128,10.99,1,4.3,715,1,1,23,0
853,15.99,1,4.4,70,0,0,4,0
160,4.47,0,3.9,271,0,0,5,0
177,17.99,0,5,6,0,0,0,0
853,19.99,1,4.8,77,0,0,5,0
493,6,0,4.3,301,0,0,11,0
853,15.99,1,4.4,140,0,0,0,0
683,13.99,1,4.4,147,0,0,8,0
790,19.99,1,4.2,253,0,0,15,0
200,45.84,0,4.6,213,0,0,47,0
853,17.99,1,4.8,545,0,0,13,0
679,37.99,0,4,447,0,0,38,0
328,14.99,1,4.3,100,0,0,5,0
899,9.75,0,3.8,212,0,0,6,0
328,19.99,1,4.4,71,0,0,0,0
314,14.99,1,4.3,174,0,0,11,0
595,6,0,4.4,1947,0,0,26,0
493,10.99,0,4.5,509,0,0,13,0
76,13.99,0,4,121,0,0,0,0
328,19.99,1,4.3,127,0,0,3,0
853,19.99,1,4.5,140,0,0,5,0
853,23.99,1,4.6,34,0,0,0,0
739,13.65,1,4.6,468,0,0,26,0
207,11.99,1,4.9,41,0,0,0,0
380,11.25,0,4.1,25,0,0,0,0
485,29.99,0,4.4,265,0,0,59,0
683,9.99,1,4.2,145,1,1,4,0
701,15.99,0,4.3,260,0,0,12,0
380,11.25,0,4.3,28,0,0,0,0
380,25,0,4.1,1578,0,0,5,0
595,14.99,0,3.7,461,0,0,0,0
370,11.9,1,4.8,7,1,1,0,0
853,17.99,1,4.7,207,0,0,5,0
219,26.99,0,4.7,103,0,0,4,0
853,19.99,1,3.8,146,0,0,6,0
569,34.99,0,4.2,1054,0,0,136,0
912,14.99,0,4.2,622,0,0,64,0
354,14.99,0,4.6,2678,0,0,61,0
311,8.99,0,4.1,58,0,0,0,0
410,32.12,0,3.9,1758,0,0,74,0
560,29.99,1,4.6,1262,0,0,111,0
1032,19.99,1,3.6,486,1,1,12,0
554,11.95,1,4.7,215,1,1,5,0
55,12.95,1,4.7,53,0,0,4,0
463,10.99,1,4.8,657,0,0,12,0
602,17.99,1,3.2,35,0,0,0,0
185,10.7,0,4.4,3468,0,0,37,0
973,23.26,0,4.5,1248,0,0,65,0
86,12.95,1,4.5,89,1,1,6,0
727,6.99,0,3.9,2646,1,0,76,0
410,45.13,0,4,1796,0,0,63,0
276,13.99,0,3.7,2596,0,0,76,0
410,9,0,4.1,1064,0,0,33,0
361,49.99,0,4,3470,0,0,46,0
466,14.99,1,4.8,21,0,0,5,0
410,14.98,0,3.9,852,0,0,21,0
965,23.99,0,3.9,544,0,0,60,0
834,14.99,1,4.4,2090,1,1,53,0
1,43.35,0,4.6,1182,0,0,107,0
357,28.99,0,4.5,75,0,0,4,0
282,18.69,1,4.2,2567,0,0,226,0
191,9.99,0,3.9,2959,0,0,113,0
186,35,0,4.3,186,0,0,16,0
176,81.46,0,4.6,919,0,0,19,0
487,119.93,0,4.2,288,0,0,17,0
383,9.99,0,4.3,866,0,0,32,0
685,79.98,0,2.8,4,0,0,0,0
888,14,0,4.2,525,0,0,29,0
305,24.95,1,3.7,616,0,0,45,0
383,3.77,0,4.4,3658,0,0,442,0
329,15.99,1,2.7,96,0,0,0,0
176,124.31,0,4.7,945,0,0,50,0
751,18.99,1,4,1368,0,0,52,0
412,14.99,1,4.5,96,1,1,7,0
137,7.99,1,3.4,159,1,1,4,0
168,13.04,0,4.4,1698,0,0,195,0
433,9.99,1,4.5,202,1,1,8,0
927,34.95,0,4.1,275,0,0,15,0
825,8.59,1,3.9,32,1,1,0,0
1030,24.99,0,4.6,145,0,0,6,0
72,17.99,1,4,75,0,0,9,0
346,18.99,0,4.5,187,0,0,7,0
200,79.98,0,4.3,1529,0,0,212,0
588,22.99,1,3.9,717,0,0,30,0
206,7.74,1,4.2,366,1,1,4,0
2,12.49,1,4.6,88,1,0,9,0
998,17.95,1,4.7,1713,1,1,105,0
374,8.99,1,4.6,441,1,1,12,0
714,17.32,0,4.5,7441,0,0,402,0
409,6.79,1,4.6,1070,1,0,18,0
944,9.99,1,4.5,1034,1,1,45,0
317,14.99,1,4.4,344,1,0,16,0
905,6.95,1,4.5,425,1,1,29,0
34,10.9,1,4.6,125,1,0,5,0
93,7.51,1,3.5,1356,1,1,157,0
1005,13.99,1,4.3,497,1,0,23,0
513,49.95,1,4.7,1293,1,1,151,0
942,21.99,1,4.8,69,1,1,12,0
26,24.9,1,4.5,573,1,0,50,0
1066,47.95,1,4.4,1243,1,1,93,0
659,22.99,1,4.3,146,1,1,6,0
489,39.99,1,4.4,1922,1,1,432,0
41,16.99,1,4.6,12821,1,1,855,0
883,47.69,1,4.7,1088,1,1,144,0
666,28.99,1,4.6,310,0,0,39,0
162,8.88,1,4.3,515,1,1,43,0
894,29.99,1,4.6,503,1,1,36,0
12,12.99,1,4.6,61,1,1,0,0
952,5.99,1,4.7,240,1,1,3,0
724,16.97,1,4.7,2359,1,1,121,0
859,14.19,1,3.2,1241,1,1,54,0
623,14.99,1,4,438,1,1,56,0
431,34.35,1,5,2657,1,1,219,0
22,126.33,0,4.4,187,0,0,37,0
974,17.99,1,4.4,90,0,0,19,0
1005,9.99,1,4.4,405,1,1,39,0
269,10,1,4.2,230,1,1,7,0
353,16.99,1,3.8,506,1,1,69,0
141,20.99,1,4.1,575,1,1,47,0
891,22.99,1,4.4,869,0,0,154,0
429,10.99,1,4.5,398,1,1,37,0
41,29.99,1,3.8,3701,1,1,337,0
620,35.99,1,3.9,2197,1,1,285,0
741,29.99,1,4.4,343,1,1,20,0
41,59.99,1,4.5,955,1,1,222,0
1075,16.95,1,4.4,568,1,1,35,0
774,12.49,1,4.8,311,1,1,5,0
343,19.99,0,4.4,4951,0,0,488,0
596,9.98,1,4.3,287,1,1,12,0
1005,11.99,1,4.4,420,1,1,45,0
997,19.99,1,4.3,48,1,1,5,0
340,69.95,1,4.4,674,1,1,158,0
392,20.99,1,4.4,459,1,1,49,0
542,25.89,1,4.6,407,1,1,27,0
176,94.21,0,4.7,1512,0,0,163,0
355,11.99,0,4.4,104,0,0,0,0
936,130,0,4,3639,0,0,200,0
355,39.99,0,4.6,345,0,0,5,0
506,19.99,1,3.5,2623,0,0,168,0
675,23.99,0,4,996,0,0,28,0
739,6.99,1,4.2,135,0,0,5,0
176,34.95,0,4.3,2251,0,0,35,0
199,28.4,0,4.2,910,0,0,89,0
176,39.99,0,4.4,1902,0,0,73,0
355,4.47,0,3.7,390,0,0,16,0
176,33.74,0,4.6,1943,0,0,89,0
176,45.09,0,4.4,1871,0,0,42,0
557,31.98,0,3.8,2071,0,0,37,0
176,9.99,0,4.5,582,0,0,9,0
176,64.97,0,4.4,554,0,0,15,0
176,34.99,0,4.3,1167,0,0,42,0
362,45,0,4.1,2186,0,0,34,0
95,22.39,0,4.3,738,0,0,59,0
176,36.84,0,4.2,1513,0,0,39,0
22,26.6,0,4.8,176,0,0,34,0
258,18.5,0,4.3,769,0,0,39,0
526,3.76,1,4.5,235,1,0,5,0
22,31.4,0,4.4,283,0,0,43,0
191,22.98,0,4.4,275,0,0,20,0
95,15.93,1,4.1,986,0,1,70,0
861,34.99,0,4.6,5458,0,0,272,0
22,46.99,0,4.4,138,0,0,3,0
322,58.95,1,4.4,1147,0,0,200,0
507,32.72,0,4.1,2296,0,0,32,0
1027,15.95,0,4.4,325,0,0,41,0
200,14.33,0,4.3,1456,0,0,82,0
1043,27.72,0,4.4,1687,0,0,41,0
685,59.32,0,4.5,184,0,0,18,0
858,47.81,0,4.5,1034,0,0,64,0
176,58.69,0,4.8,448,0,0,22,0
808,10.99,0,4.2,1374,0,0,85,0
176,28.99,0,4.1,1630,0,0,19,0
191,19.98,0,4.5,265,0,0,21,0
425,34.95,0,4.7,505,0,0,32,0
355,4.17,0,4.5,82,0,0,3,0
258,16.41,0,3.8,159,0,0,41,0
462,5.99,1,4.4,221,1,1,7,0
710,124.99,1,4.4,141,0,0,52,0
258,30.84,0,4.4,999,0,0,114,0
176,59.99,0,4.4,1123,0,0,93,0
685,49.46,0,4.5,745,0,0,136,0
957,25.9,0,4.5,1272,0,0,105,0
857,17.98,1,4.1,149,0,0,4,0
258,14.99,0,3.9,2012,0,0,84,0
890,27.45,1,4.2,195,1,1,19,0
132,10.99,0,4.3,72,1,0,10,0
558,72.11,0,4.4,2235,0,0,80,0
708,64.99,0,4.3,163,0,0,50,0
549,27.98,0,4.1,28,0,0,0,0
619,34.99,0,4.3,42,0,0,0,0
45,24.99,1,4.5,454,0,0,27,0
597,9.99,1,4.2,157,1,1,7,0
791,26.49,1,4.5,780,0,0,49,0
333,18.99,1,4,75,0,0,4,0
495,26.99,1,4.8,331,0,0,20,0
368,9.84,1,4.2,505,1,1,17,0
483,29.99,1,3.9,134,0,0,25,0
281,19.99,1,4.1,208,0,0,10,0
675,15.99,0,4.5,425,0,0,29,0
296,22.22,1,5,2,1,1,0,0
633,28.26,1,4.7,250,1,1,21,0
48,12.88,1,4,51,1,1,3,0
668,16.99,1,3.9,18,1,1,0,0
813,31.99,1,3.8,146,1,1,4,0
959,25.49,1,4.4,161,0,0,8,0
79,18.99,1,3.7,23,1,1,0,0
512,9.95,1,4.3,389,1,1,8,0
364,7.99,1,4.6,47,1,1,0,0
813,28.15,0,3.6,187,0,0,26,0
281,12.99,1,4.6,314,0,0,14,0
156,9.99,1,3.8,460,1,1,32,0
598,11.38,1,4.9,40,0,0,22,0
25,17.99,0,3.8,492,0,0,160,0
689,16.99,1,4.7,10,0,0,0,0
273,29.95,0,4,10,0,0,4,0
917,7.99,1,4.4,199,1,1,18,0
813,17.19,1,4.4,573,1,1,8,0
24,13.61,1,4.3,548,0,0,22,0
925,12.99,1,4.4,30,1,1,0,0
376,13.78,1,4.3,600,1,1,28,0
658,6.99,1,4.1,448,1,1,6,0
850,29.99,1,4.7,543,0,0,124,0
166,39.35,0,4.2,105,0,0,8,0
419,12.98,1,0,0,1,1,0,0
633,23.99,1,4.7,475,1,1,24,0
368,11.28,1,4.2,377,0,0,14,0
475,34.95,1,4.8,6,0,0,3,0
3,49.99,1,3.7,166,0,0,31,0
79,17.99,1,4.5,225,1,1,10,0
345,17.95,1,4.5,21,0,0,0,0
131,11.99,1,4.4,122,0,0,12,0
351,14.98,0,4.1,466,0,0,5,0
8,21.72,0,4,8,1,0,3,0
309,5.27,1,4.4,3233,1,1,34,0
526,12.19,1,4.4,1053,1,1,41,0
517,4.95,1,4.4,406,1,1,10,0
498,17.95,1,4.3,263,1,1,10,0
309,6.84,1,3.9,174,1,1,10,0
14,12.99,1,4.3,1109,0,0,52,0
270,13.99,1,3.6,1986,1,1,74,0
868,19.24,0,4.4,1796,0,0,72,0
155,10.99,1,4.4,486,1,1,35,0
966,16.22,1,4.1,291,1,1,27,0
133,5.59,1,4.3,1124,0,0,27,0
574,6.99,1,4.5,114,1,1,0,0
676,14.89,1,4.3,783,0,0,28,0
190,18.99,1,4.5,287,1,1,97,0
498,13.95,1,4.2,239,1,1,9,0
257,7.99,1,4.2,813,1,1,41,0
896,38.99,1,4.9,818,0,0,35,0
309,4.5,0,4.5,783,1,1,42,0
92,7.99,0,3.9,76,0,0,6,0
1034,13.99,0,5,7,0,0,15,0
785,6.85,1,4.7,342,1,1,15,0
652,7.67,1,3.6,258,0,1,38,0
1021,9.99,1,4.4,1022,0,0,31,0
97,24,1,4.4,1312,1,1,120,0
414,13.99,1,4.3,1668,1,1,102,0
271,10,1,4.7,1211,1,1,100,0
839,12.99,1,4.8,3934,1,1,7,0
711,8.95,1,4.7,1867,0,0,29,0
589,10.26,1,4.2,1170,1,1,30,0
104,6.99,1,4.5,1087,0,0,52,0
527,6.09,1,4.3,697,1,1,21,0
272,14.59,1,4.1,572,1,1,29,0
902,58.99,0,4.4,2445,0,0,142,0
526,3.76,1,4.5,235,1,0,5,0
98,13.85,1,4.5,2673,1,1,290,0
413,13.99,1,4.3,1668,1,1,102,0
640,9.19,1,2.3,78,1,1,31,0
85,25.99,1,4.5,101,1,1,0,0
640,5.99,1,2.4,5,1,1,3,0
815,21.99,1,4.3,48,0,0,10,0
974,30.99,1,4.7,184,0,0,57,0
867,19.99,1,4.3,55,1,1,10,0
574,6.99,1,4.7,178,1,1,4,0
272,10.88,1,3.7,519,1,1,32,0
375,19.78,0,0,0,1,0,0,0
971,10.84,1,4.6,1085,1,1,16,0
721,2.81,0,4.4,769,1,0,21,0
498,21.95,1,4.5,139,0,1,10,0
133,5.89,1,4,457,0,0,10,0
648,7.45,1,4.6,2902,1,1,34,0
872,2198,1,3.5,88,1,1,147,0
686,229,1,4,54,1,0,27,0
173,649,1,5,267,1,1,342,0
686,284,0,4.6,127,1,0,40,0
686,156.95,1,4.4,106,1,1,75,0
686,299,1,3.8,118,0,0,73,0
173,599,1,3,294,0,0,311,0
173,649.95,1,5,187,1,0,107,0
173,199,1,3.7,205,1,1,210,0
686,629,1,5,15,1,0,5,0
655,89.09,1,3.5,23,1,0,13,0
686,229.99,0,3.7,12,1,0,11,0
686,252.64,1,4.6,377,1,0,363,0
721,347.99,1,4,97,1,1,164,0
173,199,1,3.7,205,1,1,210,0
173,149,1,3.9,398,1,1,336,0
173,411.99,1,3,32,0,0,22,0
872,95.99,1,4,1262,1,1,836,0
872,848,1,2.5,1426,1,1,1000,0
686,649,1,5,305,1,0,137,0
731,134.95,1,3.9,24,1,0,17,0
173,118.95,1,3.9,402,1,1,266,0
173,449,1,3,392,1,0,220,0
21,22.95,1,4.3,65,0,0,16,0
686,407.43,1,4.4,566,1,0,461,0
173,234,1,4,69,0,0,32,0
721,597.99,1,3,138,1,1,91,0
173,369.99,1,2.2,27,1,0,21,0
173,299,1,3.8,205,1,0,78,0
173,999,1,4.1,334,1,1,463,0
173,179,1,3.7,235,1,1,241,0
721,199.95,1,3.7,68,1,0,41,0
363,999,1,3.4,143,1,1,107,0
686,288,1,3.8,18,1,0,7,0
721,279,1,3.8,298,1,1,254,0
872,1598,1,3.3,179,1,1,195,0
173,389.95,0,2.2,16,0,0,4,0
363,1499,1,1,31,1,1,31,0
686,796.95,1,3.5,149,1,1,141,0
173,118.95,1,3.9,402,1,1,266,0
721,397.99,1,4.5,181,1,1,304,0
173,699,1,5,66,1,1,115,0
173,2208.88,0,3.5,710,1,0,264,0
173,719.95,0,3.5,31,1,0,26,0
173,569,0,3.3,12,1,0,13,0
686,1146.95,1,3.3,80,1,1,118,0
872,118,1,4.1,1040,1,1,508,0
173,3099,1,2.9,164,1,0,142,0
532,149,1,3.9,41,1,1,68,0
1006,42.95,0,4,6,1,0,4,0
154,59.99,1,3.8,762,1,0,422,0
457,319.99,1,3.7,336,1,1,176,0
521,39.99,0,3.8,57,1,0,23,0
173,89.99,1,4,397,1,1,325,0
316,49.98,0,3.8,566,1,0,251,0
173,274.99,0,3.3,995,1,1,922,0
154,159.95,0,4.1,1078,1,1,677,0
457,319.99,1,3.8,180,1,1,78,0
457,109.97,1,3.8,1355,1,1,577,0
457,49.99,1,3.3,1185,1,1,453,0
457,199.99,1,3.7,289,1,0,197,0
154,119.99,0,3.8,1078,1,1,677,0
173,69.99,1,3.8,46,1,1,90,0
457,129.93,1,4,1355,1,1,577,0
426,159.99,1,4.1,146,1,0,84,0
457,99.99,0,3.7,5363,1,0,41,0
173,25.98,1,3.8,19,1,1,65,0
316,199.99,1,4,496,1,1,341,0
457,269,1,3.3,217,1,1,95,0
457,129.95,0,4,21,1,0,5,0
457,339.99,0,3.8,208,1,1,128,0
173,89.99,1,4,404,1,1,343,0
173,59.99,1,3.8,51,1,1,52,0
457,249,1,3.8,229,1,1,129,0
173,189.99,0,4,126,1,0,124,0
457,54.99,1,3.8,1666,0,1,896,0
173,199.99,1,4,26,1,0,52,0
173,326.93,1,4,142,1,0,301,0
316,99.99,0,4,153,0,0,80,0
316,349.99,0,4,854,1,1,815,0
173,136.96,1,4,589,1,1,409,0
154,279.99,1,3.3,344,1,1,233,0
173,45.43,1,3.8,44,1,1,87,0
457,149.89,0,3.5,254,1,1,189,0
316,289.41,1,3.3,763,1,1,656,0
316,299.99,1,3.3,854,1,1,815,0
457,99.99,1,4,1518,1,0,479,0
316,99.99,1,4,1196,1,1,414,0
154,139.99,0,3.9,97,1,0,53,0
457,123.77,1,3.8,1666,0,1,896,0
173,139.99,1,4,244,1,1,176,0
457,319,1,4,252,1,1,115,0
457,349.89,1,4,284,1,1,209,0
457,53.9,0,3.9,4055,1,0,1000,0
154,259.99,0,4,1279,1,0,703,0
154,84.99,1,4,608,1,1,371,0
457,69.99,1,3.8,26,1,0,33,0
457,179.99,1,3.7,87,1,1,65,0
457,99.99,1,4,23,1,1,23,0
457,299.99,1,3.8,115,1,1,80,0
457,234,1,3.9,102,1,0,98,0
234,799,1,2.7,324,1,1,311,0
566,126.95,1,4,1048,1,1,1000,0
637,894.99,1,3.5,4,0,0,96,0
17,262.99,0,4,59,0,0,65,0
39,69.99,1,4,1148,1,0,1000,0
821,154.95,1,5,152,0,0,110,0
457,186.69,1,3.7,601,1,0,654,0
58,104,0,4,1118,1,1,297,0
58,99.17,0,4,1118,0,0,297,0
17,265,0,4,916,1,0,789,0
17,109.95,0,4,13,0,0,15,0
251,170,1,3.7,111,0,0,77,0
58,519.99,1,3,276,0,0,178,0
251,246.9,1,3.7,176,1,0,107,0
58,85.71,0,3.9,2795,0,0,685,0
39,79.99,1,4,3253,1,0,1000,0
39,64.99,1,4,1148,1,0,1000,0
251,90,0,4.4,505,1,0,285,0
17,210,1,3.9,21,1,0,19,0
58,327,0,3.9,1570,1,0,1000,0
787,109,0,4,482,0,0,446,0
58,904.99,1,3,38,0,0,38,0
58,173.84,1,5,1312,1,0,349,0
71,619.99,1,3.6,882,1,1,307,0
671,74.95,0,4.1,19,1,0,7,0
58,426.9,1,4.3,144,0,0,148,0
821,77.99,1,3.9,1210,1,0,670,0
39,299.98,1,4.4,10256,1,0,131,0
821,99.99,1,4,922,1,1,613,0
234,799,1,2.7,2452,1,1,1000,0
566,179.99,1,5,1048,1,1,1000,0
787,105,0,4,417,1,0,397,0
17,192,1,3.7,43,1,0,58,0
17,264,1,4,1246,0,0,797,0
274,69.99,1,2.8,75,1,0,45,0
39,194.98,1,4.4,10256,1,0,75,0
17,1056.99,1,3.6,1572,1,1,32,0
58,152,0,5,693,1,0,186,0
566,109.69,0,4,164,1,0,175,0
58,103.8,0,4,570,1,0,122,0
58,340,0,3.9,144,1,0,148,0
58,379.99,0,3.9,3,1,0,9,0
39,69.99,0,4,1148,1,0,1000,0
58,99,0,4,1118,0,0,297,0
58,169.99,0,5,693,1,0,186,0
58,352,0,3.7,1570,1,0,1000,0
58,105.99,0,3.4,570,1,0,122,0
58,338.4,0,3.9,17,0,0,17,0
71,699,1,3.7,95,1,0,130,0
491,99.95,1,3.7,274,1,1,37,0
468,79.99,1,3.7,51,1,1,20,0
1001,19.99,1,3.8,7114,1,1,427,0
53,28.38,1,3.8,1350,1,1,296,0
567,10.99,1,4.1,1651,1,1,310,0
876,14.99,1,3.6,4726,1,1,301,0
144,183.8,1,3.8,260,1,1,139,0
491,99.95,1,3.7,421,1,1,52,0
57,65.99,1,4.5,2343,1,1,480,0
491,99.95,1,4.1,419,1,1,71,0
618,168.99,1,1,172,1,1,88,0
268,44.99,1,3.4,97,1,1,60,0
476,159.99,1,4.4,25,1,1,38,0
107,129,1,4.4,883,1,1,297,0
74,22.97,1,3.8,361,1,1,48,0
871,298,1,3.8,724,1,1,275,0
491,99.99,1,3.7,194,1,1,40,0
218,69.99,1,3.6,395,1,1,126,0
491,54.99,1,4.5,134,1,1,55,0
539,13.99,1,4.3,399,1,1,65,0
491,37.99,1,3.4,239,1,1,33,0
872,68,1,4.5,412,1,1,139,0
201,29.99,1,3.8,998,1,1,121,0
41,12.99,1,3.6,121,1,1,7,0
144,129,1,3.9,536,1,1,120,0
35,29.95,1,3.8,401,1,1,62,0
872,198,1,3.8,412,1,1,139,0
100,32.99,1,3.8,638,1,1,166,0
871,698,1,3.5,279,1,1,81,0
491,179.95,1,3.8,2440,1,1,840,0
877,59.99,1,4.5,289,1,1,146,0
144,129,1,4.1,330,1,1,82,0
53,41.99,1,3.8,136,1,1,15,0
77,19.99,1,3.8,256,1,1,65,0
53,79.99,1,4.1,461,1,1,118,0
35,55.29,1,3.6,129,1,1,75,0
57,31.99,1,3.8,4160,1,1,1000,0
1018,36.99,1,3.8,195,1,1,105,0
169,34.99,1,3.8,5092,1,1,652,0
878,29.99,1,3.8,601,1,1,134,0
107,129,1,4.4,883,1,1,297,0
955,75.99,1,3.7,81,1,1,49,0
969,78,1,3.7,1094,1,1,259,0
57,49.99,1,3.8,83,1,1,42,0
57,23.99,1,4,32,1,1,13,0
1048,16.99,1,3.8,1012,1,1,139,0
546,79.99,1,3.7,1253,1,1,328,0
821,397.99,1,3.4,970,1,1,308,0
832,59.99,1,4.1,17038,1,1,1000,0
198,25.99,1,3.8,76,1,1,32,0
215,69.99,1,4.1,64,1,1,39,0
1024,189.99,1,4.3,204,1,1,51,0
794,19.99,1,3.9,159,1,1,24,0
807,39.99,1,4.1,474,1,1,363,0
941,49.99,1,4.1,3273,1,1,836,0
967,9.59,1,4.3,469,1,1,157,0
215,109.99,1,4.4,220,1,1,163,0
215,98.02,1,4.2,32,1,1,28,0
1024,119.99,1,4.1,66,1,1,21,0
832,119.99,1,4.1,17038,1,1,1000,0
1024,98.99,1,4.1,443,1,1,182,0
832,69.99,1,4.1,432,1,1,100,0
1024,160.99,1,4.1,443,1,1,182,0
986,26.97,1,3.9,82,1,1,8,0
515,49.59,1,4.1,146,1,1,35,0
212,69.47,1,4.2,155,1,1,212,0
58,69.99,0,4,462,1,1,219,0
1024,67.99,1,4.1,40,1,1,16,0
832,149.99,1,4.1,1657,1,1,684,0
832,59.99,1,4.1,432,1,1,100,0
1024,89.91,1,4.1,66,1,1,21,0
832,149.99,1,4.1,1657,1,1,684,0
571,29.99,1,3.7,2702,1,1,1000,0
941,49.99,1,4.1,3273,1,1,836,0
807,94.99,1,4.3,344,1,1,273,0
546,119.95,1,4.1,1253,1,1,328,0
832,64.78,1,4.1,10004,1,1,1000,0
438,25.99,1,3.7,9,1,1,6,0
546,59.99,1,4.1,1253,1,1,328,0
215,49.99,1,4.1,186,1,1,141,0
849,69.99,1,4.1,2145,1,1,302,0
832,89.99,1,4.1,1657,1,1,684,0
571,17.99,1,3.9,808,1,1,125,0
1024,51.18,1,4.1,319,1,1,83,0
832,99.99,1,4.1,17038,1,1,1000,0
1024,109,1,4.1,341,1,1,65,0
198,25.99,1,3.7,9,1,1,188,0
215,49.99,1,4.1,186,1,1,141,0
805,31.99,1,3.9,508,1,1,177,0
832,129.99,1,4.1,17038,1,1,1000,0
571,26.99,1,3.9,3379,1,1,1000,0
212,39.99,1,3.7,48,1,1,44,0
967,22.99,1,4.6,380,1,1,102,0
1024,119.99,1,4.1,1455,1,1,666,0
807,21.99,1,3.9,1642,1,1,747,0
58,150.98,1,3.9,64,1,1,36,0
821,528.15,1,3.4,1455,1,1,1000,0
571,68.49,1,2.8,107,1,1,123,0
690,119,1,3.7,5,1,1,17,0
655,199.99,1,4,82,1,1,103,0
58,489,1,3.5,48,1,1,55,0
58,309.99,1,5,851,1,1,694,0
821,104.98,1,3.7,141,1,0,200,0
58,139.99,1,3.7,510,1,1,349,0
1046,200,1,2.8,104,1,0,137,0
821,98.99,1,3.2,141,1,1,200,0
690,149,1,3.7,322,1,0,570,0
821,341.94,1,3.2,102,1,0,166,0
58,209.99,1,2.8,449,1,1,274,0
58,249.99,1,3.6,344,1,1,203,0
458,232.97,1,3.6,273,1,1,361,0
690,74.99,1,3.2,8,1,1,12,0
821,259.99,1,2.8,317,1,1,417,0
821,209.99,1,2.8,416,1,1,196,0
821,449.5,1,3.5,173,1,1,322,0
58,586.58,1,3.4,43,1,1,102,0
58,134.75,1,3.7,510,1,1,349,0
690,349.99,1,3.2,64,1,1,70,0
58,323.67,1,5,851,1,1,694,0
138,49.99,1,3.4,17,1,1,42,0
58,404.99,1,3.5,445,1,1,617,0
690,49.45,1,3.3,219,1,1,270,0
655,269.99,1,2.9,58,1,1,118,0
821,99,1,3.2,141,1,1,200,0
138,63.09,1,3.4,17,1,1,42,0
458,236.95,1,2.8,273,1,1,361,0
138,59.99,1,3.4,5,1,1,7,0
821,117.99,1,3.7,64,1,1,86,0
138,20.84,1,3.4,766,1,1,353,0
821,208.99,1,3.6,163,1,1,115,0
821,150,1,3.9,378,1,1,109,0
138,69.99,1,2.8,995,1,1,597,0
58,159.05,1,3.9,38,1,1,19,0
119,29.99,1,3.7,4,1,1,35,0
821,344,1,4.2,330,1,1,301,0
690,149,1,3.7,322,1,1,570,0
58,304.99,1,3.1,195,1,1,211,0
29,63.5,1,3.8,111,1,1,143,0
655,262.99,1,2.9,71,1,1,122,0
821,509.49,1,3.4,109,1,1,268,0
58,245.99,1,3.9,53,1,1,27,0
58,159.99,1,3.9,510,1,1,349,0
458,245,1,2.8,273,1,1,361,0
344,6.99,1,4.1,2702,1,1,68,0
1001,37.99,1,3.8,429,1,1,91,0
547,19.85,1,4.5,3955,1,1,153,0
1069,53.06,1,4,23709,1,1,1000,0
338,14.95,1,4.3,2578,1,0,46,0
982,26.99,1,4.5,6613,1,1,380,0
537,70.28,1,4.7,1439,1,0,160,0
473,6.5,1,4.6,1592,1,1,150,0
577,36.99,1,4.3,7503,1,1,735,0
644,8.11,1,4.3,186,1,1,13,0
1031,59.29,1,4.9,2820,1,1,102,0
231,117.52,1,4,10840,1,1,1000,0
960,12.99,1,4.2,15137,1,1,227,0
403,9.99,1,4.5,1732,1,1,86,0
775,39.99,1,3.8,9604,1,1,823,0
1053,24.99,1,4,691,1,1,27,0
730,149.99,1,3.4,442,1,1,323,0
691,35.99,1,3.4,9,1,1,3,0
650,11.99,1,4.4,1419,1,1,92,0
1069,79.94,1,4.1,22730,1,1,1000,0
771,12.99,1,4.1,643,1,1,42,0
479,169,1,3.7,1002,1,1,495,0
900,24.99,1,3.7,4900,1,1,405,0
716,11.06,1,4.5,14080,1,1,451,0
446,8.99,1,4.5,1953,1,1,130,0
840,99.99,1,3.7,1457,1,1,431,0
313,13.99,1,4.1,2062,1,1,86,0
209,11,1,4.2,9426,1,1,365,0
854,12.99,1,4.6,532,1,1,355,0
930,10.49,1,4.5,9823,1,1,190,0
900,30.21,1,3.9,8375,1,1,1000,0
525,223.99,1,4.2,9040,1,1,1000,0
420,19.99,1,4.6,671,1,0,48,0
715,9.99,1,4.4,2733,1,1,22,0
968,19.69,1,3.8,2195,1,1,47,0
516,6.28,1,4,1043,1,1,466,0
288,515.95,1,4.2,359,1,1,224,0
395,9.95,1,4.4,4683,1,1,557,0
453,98.99,1,4.1,11423,1,1,261,0
577,163.92,1,4.4,6092,1,1,1000,0
192,19.99,1,4,841,1,1,39,0
134,69.99,1,4,1120,1,1,242,0
577,14.99,1,4.1,7236,1,0,316,0
695,49.88,1,3.9,7773,1,1,182,0
691,10.99,1,3.8,708,1,1,42,0
228,39.99,1,3.9,4708,1,0,719,0
473,6.5,1,4.6,1594,1,1,150,0
146,30.44,1,4.6,369,1,1,19,0
930,35.99,1,4.3,3506,1,1,184,0
779,89.99,1,4.2,1836,1,1,264,0
188,37.99,1,4.8,656,1,1,45,0
408,34.99,1,3.9,9434,1,1,1000,0
231,28.37,1,4.2,1146,1,1,27,0
408,23.42,1,4.4,4210,1,1,343,0
516,6.28,1,4,1045,1,1,468,0
928,29.99,1,4.4,350,1,1,165,0
41,35.28,1,4.6,301,1,1,57,0
189,143,1,4.3,1290,1,1,408,0
713,17.99,1,3.8,6287,1,1,206,0
715,9.99,1,4.4,2735,1,1,22,0
209,11,1,4.2,9428,1,1,365,0
403,9.99,1,4.5,1734,1,1,87,0
646,15.99,1,3.7,1836,1,1,47,0
695,56.51,1,3.9,7774,1,1,183,0
812,19,1,4.4,1765,1,1,159,0
151,27.97,1,4.4,1801,1,0,567,0
696,59.99,1,4.3,3903,1,1,309,0
167,15.95,1,4.8,729,1,1,24,0
764,69.1,1,3.9,5309,1,1,312,0
1056,8.99,1,4.6,1983,1,1,74,0
985,9.99,1,4.3,621,1,1,102,0
41,15.29,1,4.6,924,1,1,127,0
716,11.39,1,4.5,14090,1,1,451,0
408,34.99,1,3.9,5616,1,1,222,0
984,39.99,1,4.2,320,1,1,124,0
833,19.95,1,4.4,2838,1,1,96,0
840,69.98,1,3.9,3714,1,1,595,0
606,30.89,1,3.9,2806,1,1,0,0
261,19.99,1,4.4,100,1,1,3,0
811,19.98,1,4.6,604,1,1,32,0
398,20.48,1,4,1582,1,1,44,0
854,12.99,1,4.6,535,1,1,38,0
993,24.99,1,4.5,1877,1,1,96,0
662,29.99,1,4.5,1507,1,1,198,0
240,21.99,1,4.3,821,1,1,128,0
626,27.99,1,4.2,1591,1,1,44,0
461,59.99,1,4.5,1029,1,1,86,0
151,23.99,1,4.4,180,1,1,5,0
584,39.9,1,4.5,100,1,1,19,0
656,49.99,1,3.9,7189,1,1,1000,0
400,9.85,1,4.3,3440,1,1,157,0
231,155.84,1,3.8,1406,1,1,529,0
760,14.99,1,4.5,3097,1,1,122,0
729,39.95,1,4.4,1286,1,1,69,0
184,32.99,1,4.4,6168,1,1,175,0
982,11.99,1,4.7,43,1,1,0,0
875,94.95,1,4.3,14703,1,1,905,0
982,13.99,1,4.1,3022,1,1,117,0
423,26.99,1,4.1,8786,1,0,298,0
16,24.81,1,4.7,1251,1,1,60,0
306,45.9,1,4.2,514,1,1,90,0
42,12.99,1,4.1,1503,1,1,41,0
233,22.95,1,4.2,2907,1,1,44,0
577,18.69,1,4.1,4048,1,0,465,0
956,29.99,1,4,3891,1,1,150,0
16,11.81,1,4.5,462,1,1,25,0
722,21.99,1,4.4,261,1,1,26,0
784,21.88,1,4.7,203,1,1,22,0
49,59.8,1,4.5,274,1,1,89,0
280,14.96,1,4.4,4039,1,0,98,0
41,19.99,1,4,3592,1,1,102,0
680,19.99,1,4.2,9944,1,1,536,0
650,11.99,1,4.5,362,1,1,24,0
187,35.98,1,4.6,2258,1,1,89,0
50,16.99,1,4.2,710,1,1,31,0
865,69.99,1,4.6,3901,1,1,157,0
10,22.99,1,4.8,46,1,1,6,0
504,15.99,1,4.1,537,1,1,30,0
297,14.99,1,4.7,39,1,1,0,0
914,20.99,1,4.3,808,1,1,82,0
96,24.7,1,4.5,5156,1,1,206,0
1047,12.98,1,4,41,1,1,4,0
577,39.99,1,4.3,2046,1,1,289,0
379,27.99,1,4.9,572,1,1,29,0
535,119.8,1,4.4,278,1,1,69,0
592,42.49,1,4.2,4927,1,1,704,0
870,27.9,1,4.1,1120,1,1,76,0
33,29.99,1,4.1,2076,1,1,84,0
250,59.99,1,4.4,167,1,1,37,0
634,14.7,1,4.4,2837,1,1,45,0
844,8.99,1,4.5,3605,1,1,157,0
982,12.99,1,4.4,3740,1,1,110,0
634,15.97,1,4.4,2594,1,1,88,0
259,19.99,1,4.1,1501,1,1,41,0
213,85.95,1,4.4,40,1,1,20,0
864,19.99,1,4.1,331,1,1,16,0
624,72.99,1,4.3,58,1,1,14,0
564,64.9,1,4.3,1158,1,1,172,0
324,22.95,1,4.3,1410,1,1,360,0
96,12.77,1,4.5,2749,1,1,92,0
41,10.99,1,4,274,1,1,28,0
1037,52.99,1,4.6,1026,1,1,62,0
161,19.99,1,4.4,891,1,1,76,0
474,26.28,1,4.5,578,1,1,24,0
110,25.99,1,4.1,533,1,1,46,0
843,22.98,0,4.1,14,1,0,0,0
256,16.99,1,4.1,175,1,1,5,0
422,6.99,1,4.5,924,1,1,17,0
123,32.99,1,4.5,30,1,1,0,0
572,9.99,1,4.2,1119,1,1,20,0
715,15.99,1,4.5,1144,1,1,43,0
256,18.99,1,3.6,310,1,1,4,0
216,12.99,1,4.1,946,1,1,17,0
87,9.99,0,3.9,9147,1,0,219,0
474,18.62,1,4.4,818,1,1,27,0
788,32.99,1,4.2,478,1,1,24,0
855,49.99,1,3.8,2001,1,1,216,0
38,9.99,1,4.8,1736,1,1,29,0
15,28.99,1,4,400,1,1,55,0
496,18.99,1,4.2,1393,1,1,32,0
1038,31.99,1,4.3,335,1,1,26,0
777,64.97,1,4.3,295,1,1,69,0
901,13.99,1,4.5,366,1,1,13,0
123,27.99,1,4.5,80,1,1,8,0
41,11.49,1,4.2,867,1,1,47,0
315,13.95,1,4.6,5469,1,1,100,0
610,24.99,1,4.6,1692,1,1,61,0
937,27.95,1,4.6,3765,1,1,139,0
123,19.99,1,4.6,65,1,1,7,0
339,115.36,1,4.3,516,1,1,77,0
291,25.99,1,4,401,1,1,14,0
230,36.99,1,3.8,1213,1,1,13,0
820,19.99,1,4.3,1587,1,1,57,0
1067,27.99,1,3.7,1676,1,1,117,0
61,31.86,1,4.4,988,1,1,158,0
59,19.95,1,4.7,1760,1,1,79,0
500,18.99,1,4.3,464,1,1,69,0
983,19.99,1,4.3,4047,1,1,44,0
494,28.91,0,4.3,2885,1,0,135,0
292,16.95,1,3.7,27661,1,1,590,0
294,34.99,1,3.7,14275,1,0,265,0
7,15.99,1,4.4,8002,1,1,10,0
65,24.99,1,4.1,715,1,1,36,0
799,21.99,1,5,13,1,1,0,0
983,16.99,1,4.2,3267,1,1,52,0
452,7.49,1,4.3,1385,1,1,95,0
202,4.29,1,3.8,330,1,1,0,0
1022,19.97,1,4.8,250,1,1,57,0
960,12.99,1,4.1,556,1,1,19,0
736,35.9,1,4.4,207,1,1,17,0
342,12,1,4.7,1307,1,1,66,0
499,196.49,1,4,1688,1,1,302,0
809,34.96,1,3.8,214,1,1,53,0
523,27.99,1,4.5,84,1,1,15,0
135,39.9,1,3.8,591,1,1,86,0
27,19.99,1,3.9,382,1,1,40,0
900,23.99,1,3.6,403,1,1,45,0
502,19.99,1,4,27,1,1,7,0
135,39.9,1,3.8,76,1,1,17,0
103,23.99,1,4,82,1,1,3,0
454,7.91,1,3.9,478,1,1,23,0
502,37.71,1,3.8,34,1,1,10,0
1028,16.09,1,4.4,446,1,1,10,0
809,23.45,1,3.8,517,1,1,31,0
150,60.74,1,4.3,47,1,0,7,0
409,8.99,1,3.9,64,1,1,3,0
247,36.99,1,3.8,25,1,1,5,0
460,19.83,1,4.5,439,1,1,52,0
445,14.95,1,4.6,296,1,1,14,0
203,49.86,1,3.7,374,1,1,66,0
108,34.99,1,4.4,49,1,1,10,0
895,29.99,1,4.4,158,1,1,11,0
150,65.8,1,4.1,94,1,1,18,0
629,17.99,1,4.4,513,1,1,37,0
552,41.99,1,3.8,14,1,1,10,0
332,5.94,1,4.6,366,1,1,11,0
809,9.99,1,4.6,633,1,0,15,0
1007,20.99,1,4.6,12,1,1,5,0
136,24.99,1,4.5,20,1,1,0,0
1045,7.89,1,4.7,25,1,1,8,0
480,87.35,1,4.8,48,1,1,20,0
909,11.3,1,3.8,1013,1,1,27,0
387,34.99,1,3.8,73,1,1,19,0
303,32.9,1,3.8,15,1,1,10,0
677,29.98,1,4.2,64,1,1,19,0
900,24.99,1,4,624,1,0,49,0
66,19.99,1,4,235,1,1,18,0
455,9.77,1,4,417,1,1,9,0
89,19.99,1,4.6,1061,1,1,29,0
892,49.99,1,3.7,2776,1,1,217,0
455,34.99,1,3.8,548,1,1,49,0
797,13.99,1,4.2,618,1,1,57,0
809,45.64,1,3.8,282,1,1,46,0
455,16.27,1,4,902,1,1,56,0
777,20.19,1,4,56,1,1,0,0
318,9.99,1,3.6,36,1,1,21,0
979,21.99,1,3.7,10,1,1,0,0
981,9.99,1,4.6,893,1,1,34,0
402,59.99,0,4.1,54,1,0,30,0
450,34.99,1,4.1,702,1,1,99,0
217,228.99,1,4.2,670,1,1,276,0
1001,49.99,1,3.7,130,1,1,34,0
440,9.59,1,4.2,1816,1,1,109,0
1039,24.49,1,4.5,1560,1,1,52,0
958,31.99,1,4.7,79,1,1,20,0
553,19.99,1,4,5630,0,1,566,0
153,18.99,1,4,400,1,1,85,0
913,38.99,1,3.8,2354,1,1,267,0
995,38.99,1,3.8,42,1,1,24,0
775,99.99,1,3.9,1157,1,1,262,0
575,25.06,1,3.9,230,1,1,12,0
671,39.99,0,3.8,79,1,0,52,0
28,16.99,1,4.1,679,1,1,81,0
777,39.99,1,4.2,741,1,1,61,0
735,9.44,1,3.9,231,1,1,9,0
335,11.99,1,3.8,597,1,1,12,0
768,41.99,1,3.8,2117,1,1,165,0
553,35.8,1,3.8,1082,1,1,91,0
28,105.23,1,3.6,316,0,1,109,0
707,29.99,1,4.1,92,1,1,41,0
1000,30.86,1,3.7,415,1,1,35,0
669,6.89,1,4.5,2723,1,1,96,0
835,9.98,1,4.2,1019,1,1,97,0
381,32.99,1,4.5,502,1,1,26,0
842,9.99,1,3.8,1110,1,1,45,0
336,23.98,1,4.4,2548,1,1,116,0
450,66.99,1,3.9,1035,1,1,0,0
705,14.99,1,3.8,268,1,1,16,0
36,14.99,1,4.8,545,1,1,20,0
183,9.5,1,4.4,395,1,1,19,0
570,14.99,1,4.5,161,1,1,27,0
167,20.95,1,4.3,236,1,0,19,0
450,9.99,1,4,422,1,1,26,0
657,149.99,1,4.3,395,1,1,0,0
868,4.99,1,4.5,149,1,1,6,0
570,89.99,1,3.9,299,1,1,70,0
408,9.95,1,4,619,1,1,82,0
450,14.99,1,3.7,38,1,1,5,0
147,25.99,1,4.3,447,1,1,61,0
1009,38.55,1,4.2,658,1,1,81,0
217,200.88,1,4.4,449,1,1,125,0
358,15.99,1,4.1,158,1,1,17,0
37,52.99,1,4.2,640,1,1,38,0
319,12.99,1,3.7,4,1,1,0,0
450,23.47,1,4.3,3091,1,1,247,0
196,24.24,1,4.5,1102,1,1,111,0
443,42.99,1,3.8,4,1,1,0,0
310,94.95,1,3.9,2822,1,1,1000,0
416,9.09,1,4.4,166,1,1,11,0
733,15.99,1,4.8,115,1,1,20,0
593,26.99,1,4,388,1,1,32,0
73,24.99,1,3,68,1,1,12,0
1040,16.97,1,4.7,22,1,1,4,0
221,17.56,1,4.2,20,1,1,0,0
39,0.09,1,3.7,274,1,1,13,0
551,28.79,1,4.1,148,1,1,9,0
46,22.95,1,4.5,31,1,1,5,0
667,37.99,1,4.9,10,1,1,7,0
232,9.95,1,3.8,92,1,1,0,0
734,19.99,1,4.3,49,1,1,0,0
667,39.8,1,3.3,11,1,1,5,0
488,19.48,1,4.1,50,1,1,11,0
279,8.99,1,2.3,5,1,1,0,0
951,27.99,1,4.2,174,1,1,25,0
550,29.99,1,4.2,23,1,1,7,0
225,14.49,1,4.2,203,1,1,4,0
255,7.77,1,4.7,65,1,1,0,0
242,96.79,1,3,214,1,1,13,0
954,49.99,1,4.6,28,1,1,0,0
551,28.79,1,4.1,148,1,1,9,0
538,10.99,1,3.9,48,1,1,11,0
307,19.9,1,5,8,1,1,0,0
671,24,1,4.9,29,1,1,0,0
1055,9.99,1,4.2,317,1,1,21,0
497,24.47,1,4.3,42,1,1,3,0
551,28.79,1,4.5,486,1,1,29,0
599,29.99,1,3.5,32,1,1,5,0
758,9.98,1,4.3,17,1,1,0,0
954,49.99,1,4.1,27,1,1,0,0
740,2.97,1,3.3,294,1,1,23,0
628,21.95,1,4.8,83,1,1,9,0
863,35.99,1,4.6,578,1,1,81,0
801,18,1,5,2,1,1,0,0
295,25.99,1,4.6,29,1,1,0,0
651,18.79,1,4.9,95,1,1,0,0
39,0.58,1,3.7,274,1,1,13,0
67,10.66,1,5,4,1,1,0,0
205,2.99,1,5,2,1,1,0,0
1064,69.99,1,4.6,15,1,1,3,0
222,120.99,1,4.4,112,1,1,20,0
613,24.95,1,4.9,29,1,1,7,0
245,19.99,1,3.6,22,1,1,0,0
954,46.25,1,4.5,24,1,1,0,0
540,15.71,1,4.8,704,1,1,14,0
406,29,1,5,28,1,1,0,0
484,8.99,1,3.9,517,1,1,62,0
903,13.98,1,3.8,1363,1,1,345,0
999,6.99,1,3.8,230,1,1,10,0
254,5.97,1,4.7,142,1,1,21,0
999,6.99,1,3.4,119,1,1,4,0
541,8.26,1,4.1,240,1,1,7,0
243,29.99,1,3.4,727,1,1,309,0
405,12.04,1,4.4,22,1,1,0,0
609,23.99,1,3.8,76,1,1,30,0
405,17.99,1,4.8,25,1,1,3,0
178,7.49,1,4.6,518,1,1,29,0
406,17.97,1,5,9,1,1,0,0
373,10.99,1,4.6,1603,1,1,97,0
823,6.99,1,4.3,209,1,1,30,0
224,12.69,1,3.4,86,1,1,5,0
405,12.94,1,4.7,5,1,1,0,0
682,29.99,1,3.9,734,1,1,448,0
444,49.99,1,4.1,450,1,1,140,0
439,7.99,1,4.3,214,1,1,14,0
406,27.98,1,4.3,15,1,1,0,0
978,8.99,1,3.3,23,1,1,13,0
393,32.99,1,4.1,319,1,1,15,0
194,15.95,1,3.4,176,1,1,4,0
373,21.99,1,4.6,1379,1,1,126,0
702,7.73,1,4.6,248,1,1,16,0
428,26.99,1,3.8,28,1,1,20,0
254,16.48,1,4.1,355,1,1,60,0
130,5.99,1,4.3,195,1,1,14,0
674,14.81,1,4.1,426,1,1,39,0
501,32.49,1,3.8,59,1,1,7,0
541,14.62,1,4.7,1161,1,1,18,0
999,6.99,1,4.1,130,1,1,0,0
1056,20.99,1,4.6,491,1,1,63,0
405,15.95,1,4.1,37,1,1,3,0
999,6.99,1,3,75,1,1,6,0
249,9.99,1,4.5,97,1,1,0,0
405,7.99,1,4.4,51,1,1,5,0
691,8.31,1,3.8,163,1,1,20,0
121,69.99,1,3.8,608,1,1,146,0
372,7.36,0,4.7,394,1,0,0,0
963,8.99,1,3.8,58,1,1,15,0
202,6.68,1,3.8,2468,1,1,218,0
498,13.95,1,4.2,243,1,1,9,0
867,19.99,1,4.3,2241,1,1,54,0
852,7.87,1,4.7,2659,1,1,89,0
1054,29.99,1,4.6,574,1,1,81,0
715,11.99,1,4.4,2961,1,1,307,0
648,14.25,1,4.8,1691,1,1,65,0
869,129.99,1,4.5,1485,1,1,255,0
83,10,1,4.7,675,1,1,37,0
70,39.99,1,3.5,292,1,1,73,0
41,16.99,1,4.3,330,1,1,13,0
880,23.99,1,4.3,9096,1,1,330,0
772,53.39,1,4.3,1788,1,1,150,0
193,14.99,1,4.6,131,1,1,8,0
855,21.99,1,4.2,2742,1,1,155,0
498,18.95,1,4.3,264,1,1,11,0
498,22.95,1,4.5,141,1,1,10,0
461,29.85,1,4.1,24,1,1,0,0
356,19.82,1,3.9,2607,1,1,60,0
41,27.73,1,4.4,1589,1,1,251,0
278,19.99,1,4.4,442,1,1,110,0
209,18.99,1,4.4,1161,1,1,97,0
41,16.99,1,4.6,736,1,1,37,0
971,5,1,4.6,3560,1,1,54,0
838,29.99,1,4.7,6568,1,1,321,0
248,24.87,1,4.8,1857,1,1,57,0
855,39.99,1,4.3,6705,1,1,490,0
638,15.99,1,4.8,16,1,1,3,0
394,11.98,1,4.7,296,1,1,9,0
646,15.49,1,3.7,1487,0,0,50,0
202,8.99,1,4.1,55,1,1,0,0
719,19.24,1,4,4186,1,1,231,0
604,18.99,0,3.9,0,1,0,0,0
1054,39.99,1,4.5,292,1,1,41,0
727,4.7,1,3.9,2662,1,1,77,0
854,27.99,1,4.6,268,1,1,40,0
1054,9.99,1,4.3,389,1,1,67,0
302,19.54,1,4.3,2292,1,1,61,0
873,31.99,1,4.8,1666,1,1,66,0
308,26.28,1,4.3,1175,1,1,24,0
41,12.99,1,4.3,1740,1,1,50,0
931,24.99,1,4.4,2264,1,1,193,0
931,34.99,1,4.4,4904,1,1,308,0
1054,49.99,1,3.7,370,1,1,58,0
643,15.5,1,4.5,719,1,1,71,0
214,29.95,1,4.2,840,1,1,105,0
118,9.7,1,4.6,2374,1,1,85,0
41,19.99,1,4.2,301,1,1,22,0
827,14.95,1,4.4,463,1,1,23,0
491,99.95,1,3.7,274,1,1,37,0
468,79.99,1,3.7,51,1,1,20,0
1001,19.99,1,3.8,7114,1,1,427,0
53,28.38,1,3.8,1350,1,1,296,0
567,10.99,1,4.1,1651,1,1,310,0
876,14.99,1,3.6,4726,1,1,301,0
144,183.8,1,3.8,260,1,1,139,0
491,99.95,1,3.7,421,1,1,52,0
57,65.99,1,3.6,2343,1,1,480,0
491,99.95,1,3.7,419,1,1,71,0
618,168.99,1,1,172,1,1,88,0
268,44.99,1,3.4,97,1,1,60,0
476,159.99,1,3.9,25,1,1,38,0
107,129,1,4.4,883,1,1,297,0
74,22.97,1,3.8,361,1,1,48,0
871,298,1,3.8,724,1,1,275,0
491,99.99,1,3.7,194,1,1,40,0
218,69.99,1,4.5,395,1,1,126,0
491,54.99,1,4.5,134,1,1,55,0
539,13.99,1,4.3,399,1,1,65,0
491,37.99,1,3.4,239,1,1,33,0
872,68,1,4.5,412,1,1,139,0
201,29.99,1,3.8,998,1,1,121,0
41,12.99,1,3.6,121,1,1,7,0
144,129,1,4.1,536,1,1,120,0
35,29.95,1,3.8,401,1,1,62,0
872,198,1,3.8,412,1,1,139,0
100,32.99,1,3.8,638,1,1,166,0
871,698,1,3,279,1,1,81,0
491,179.95,1,3.8,2440,1,1,840,0
877,59.99,1,4.5,289,1,1,146,0
144,129,1,4.1,330,1,1,82,0
53,41.99,1,3.8,136,1,1,15,0
77,19.99,1,3.8,256,1,1,65,0
53,79.99,1,3.7,461,1,1,118,0
35,55.29,1,4.5,129,1,1,75,0
57,31.99,1,3.8,4160,1,1,1000,0
1018,36.99,1,3.8,195,1,1,105,0
169,34.99,1,3.8,5092,1,1,652,0
878,29.99,1,3.8,601,1,1,134,0
107,129,1,4.4,883,1,1,297,0
955,75.99,1,3.7,81,1,1,49,0
969,78,1,3.7,1094,1,1,259,0
57,49.99,1,3.8,83,1,1,42,0
57,23.99,1,4,32,1,1,13,0
1048,16.99,1,3.8,1012,1,1,139,0
821,897.99,1,4,23,1,1,36,0
472,129.99,0,3.8,16,1,0,119,0
830,229.99,0,3.9,25,1,0,28,0
830,89.99,1,3.6,108,1,0,91,0
300,88,1,3.6,275,1,0,179,0
821,597.99,1,4.2,144,1,1,138,0
821,197.99,0,3.4,389,1,0,314,0
941,429.99,0,4.2,1474,1,0,1000,0
830,79.95,0,4,97,1,0,113,0
821,2997.99,1,3.7,110,1,1,130,0
872,498,1,3.7,255,1,1,388,0
435,249.99,1,3.9,19,1,0,35,0
698,109.95,0,4.1,22,1,0,41,0
571,126.7,1,3.6,315,1,0,258,0
915,999.99,0,4.3,463,1,0,478,0
821,1079.99,1,3.8,11,1,1,72,0
915,297.99,0,3.8,662,1,0,1000,0
830,109.99,0,4.1,12,1,0,11,0
821,1497.99,1,3.8,28,1,1,52,0
821,2497.99,1,3.7,156,1,1,131,0
824,109.99,1,4.1,15,1,0,9,0
915,288,1,3.8,88,1,0,35,0
436,129.35,1,3.6,27,1,0,56,0
821,1297.99,1,3.8,53,1,1,60,0
872,1198,1,3.8,94,1,1,198,0
830,229.97,0,3.9,148,1,0,94,0
830,199.99,0,3.4,61,1,0,78,0
941,279.99,0,3.8,1474,1,0,1000,0
821,1497.99,1,3.8,144,1,0,138,0
830,79.99,0,3.6,130,1,0,152,0
872,298,1,3.8,747,1,0,839,0
821,847.99,0,3.5,144,1,0,138,0
571,2496.99,1,1,27,1,1,60,0
830,199.99,0,3.4,29,1,0,36,0
915,279.99,1,3.8,5,1,1,63,0
821,1797.99,1,3.4,23,1,1,32,0
472,229.99,0,3.9,16,1,0,119,0
821,1997.99,1,3.4,36,1,1,59,0
821,797.99,1,3.8,11,1,1,72,0
571,1396.99,1,3.8,27,1,1,60,0
778,119.99,1,4.1,57,0,0,33,0
821,747.99,0,3.8,11,0,0,10,0
821,215,0,3.6,55,1,0,56,0
821,399.99,1,3.5,222,1,0,192,0
1008,238.95,0,3,1,1,0,0,0
872,1798,1,3.4,94,1,1,198,0
821,897.99,1,4,155,1,0,108,0
904,179.09,1,3.4,1032,1,0,637,0
830,499.99,0,3.7,119,1,0,147,0
830,298.55,0,3.8,134,1,0,104,0
787,149.99,1,4,66,0,1,80,0
71,589,1,3,7,0,1,13,0
251,216.73,1,3.9,13,0,1,4,0
251,379,1,4.6,0,1,1,0,0
17,214.99,1,3.9,150,1,1,69,0
787,99,0,4.1,284,0,0,286,0
71,626.99,1,3.6,966,1,0,782,0
566,717.99,1,3.3,27,0,0,20,0
251,879.99,1,3.4,2,0,0,12,0
17,246.7,1,3.9,30,0,1,34,0
821,570,1,3,365,0,0,210,0
637,850,0,3.5,1007,1,0,570,0
566,835.88,1,3.4,9,1,1,14,0
566,412,1,3.4,5,1,1,16,0
566,724.99,1,3.3,14,0,1,18,0
71,1234.99,1,3.6,58,1,1,114,0
17,222,1,3.9,8,0,1,5,0
17,279.84,1,4,1,0,1,9,0
458,339,1,3.9,131,0,1,155,0
251,291.5,1,4,31,0,1,23,0
17,282.3,1,4,107,1,1,70,0
251,233.96,1,3.9,15,0,1,7,0
566,660.49,1,3.7,8,1,1,11,0
251,1549.99,0,3.8,7,0,0,22,0
17,299.99,0,4.1,661,1,0,316,0
787,104,1,4,63,0,1,53,0
637,2599,1,5,274,1,1,280,0
251,224.99,1,3.9,0,0,1,0,0
566,1319.99,0,3.9,24,0,0,21,0
17,749.99,0,3.9,327,1,0,313,0
251,868,1,3.4,15,0,1,16,0
71,486,1,3,7,1,1,6,0
566,388.1,0,4.6,13,0,0,14,0
251,378.92,1,4.6,6,0,1,0,0
566,545,0,3,101,1,0,76,0
637,1324,0,3.7,227,0,0,129,0
821,639.99,1,3.6,13,1,1,12,0
566,265.09,1,4.3,12,0,1,28,0
32,229.99,1,3.9,67,1,1,111,0
251,369,1,4.6,2,0,1,5,0
251,629.99,1,3.6,107,0,1,68,0
457,1069.08,1,3.7,60,1,1,39,0
787,119,1,4,25,1,1,22,0
251,1649.07,0,3.8,2,0,0,0,0
17,569.95,0,3,21,1,1,28,0
566,296.99,1,4,151,1,1,110,0
251,166.74,1,3.7,21,0,1,35,0
821,369,0,4.6,0,0,0,0,0
637,1019,0,3.6,1007,0,0,570,0
457,1322.96,1,3.1,40,1,1,85,0
251,1309.99,0,3.8,2,0,0,4,0
566,299,0,3.9,5,1,0,4,0
566,846,0,0,0,0,0,0,0
566,229,0,0,0,1,0,0,0
251,499,0,3.5,6,0,0,0,0
58,1199.77,0,3.9,54,1,0,88,0
58,965,0,4.1,152,1,1,149,0
251,749.99,1,2.7,328,0,0,265,0
457,1034,0,4,84,0,0,82,0
457,478,0,0,0,1,0,0,0
58,1279,0,4,170,1,1,103,0
457,349,1,0,0,0,1,0,0
58,429.99,0,4.1,196,1,0,100,0
251,669,1,3.8,18,0,0,26,0
251,769.99,0,0,0,1,0,0,0
457,1319,0,3.8,6,1,0,7,0
58,929,0,3.5,54,0,0,88,0
821,754,1,5,1,0,1,0,0
251,499,1,0,0,0,1,0,0
251,649,0,3.4,38,0,0,25,0
251,579,0,0,0,0,0,0,0
601,1249,0,0,0,0,0,0,0
251,679,0,0,0,0,0,0,0
11,1116.79,0,0,0,1,0,0,0
251,749.99,1,3.7,328,0,1,265,0
457,898.95,0,5,4,1,0,5,0
457,587.9,1,0,0,0,1,0,0
457,389.99,0,3.5,118,1,0,83,0
251,669,1,0,0,0,1,0,0
457,329.99,0,3.7,21,1,0,16,0
58,1956.69,0,4.1,99,1,0,139,0
58,1283.46,0,0,0,1,0,0,0
58,696.98,0,0,0,0,0,0,0
251,999.99,0,3.5,4,0,0,8,0
916,578.49,0,2,1,0,0,0,0
251,923.99,1,3.9,10,1,1,24,0
637,3499.99,1,0,0,1,1,7,0
71,969,1,4.5,11,1,1,34,0
251,1269,1,3.8,9,0,1,18,0
58,960,1,5,99,0,1,139,0
58,1279,0,3.9,149,1,0,220,0
58,834.95,0,3.5,57,1,0,32,0
251,629,1,0,0,0,1,0,0
378,409.99,1,3.5,4,1,1,5,0
566,1149.99,0,4,30,1,0,35,0
58,1050,0,3.6,3,1,1,3,0
58,279.99,1,3.9,6,0,1,3,0
457,234.47,1,0,0,0,1,0,0
58,977.02,0,3.5,27,0,0,27,0
251,2549,1,0,0,0,1,0,0
299,1649,0,0,0,0,0,0,0
787,159.99,0,3.1,0,0,0,0,0
19,197.86,1,3.8,26,0,0,21,0
821,427.99,0,3.2,8,0,0,15,0
144,549.89,0,4,51,1,0,95,0
528,1716,0,5,1,0,0,0,0
821,374.95,0,3.4,60,0,0,129,0
359,129.95,1,5,1,0,1,0,0
737,799,0,0,0,1,0,0,0
528,1695,0,2.5,10,1,0,46,0
910,64.99,0,0,0,1,0,0,0
415,249.38,0,3.2,49,1,0,19,0
803,189.79,1,3.8,25,0,1,15,0
803,199.95,0,3.8,2,1,0,0,0
528,3299.95,0,5,0,0,0,0,0
1008,228.78,1,3.5,4,0,1,0,0
803,179.95,0,4.5,4,1,0,0,0
821,211.89,0,3.5,197,1,0,240,0
977,18,0,3.8,22,0,0,3,0
571,159.98,0,3.4,56,1,0,62,0
706,202,0,4.6,932,0,0,545,0
144,278,0,4.3,251,1,0,77,0
821,193,0,3.3,164,1,0,187,0
1051,459.95,0,3.6,1,0,0,0,0
299,1829,0,0,0,0,0,0,0
990,14.32,0,3.8,1,0,0,0,0
253,599,0,0,0,1,0,0,0
528,2999,0,4.4,5,0,0,6,0
754,439,0,4.2,298,1,0,79,0
19,82.48,1,3.6,58,1,1,39,0
754,599.95,1,3.6,213,0,1,32,0
654,229.99,0,0,0,1,0,0,0
872,130,0,3.6,61,1,0,12,0
1008,399.86,1,3.3,249,0,1,154,0
872,159.99,0,3.1,108,0,0,182,0
1052,421.34,0,4.1,119,1,1,159,0
1008,349.99,0,3.3,851,0,0,564,0
424,15.59,1,3.8,4,0,1,0,0
871,1398,1,2.9,3,0,0,0,0
1034,175.87,0,4,154,1,0,59,0
904,84.31,0,0,0,0,0,0,0
787,190.66,0,2.5,33,0,0,18,0
887,899.95,0,5,1,0,0,4,0
787,159.99,0,3,17,0,0,20,0
571,396.99,0,3.8,2,0,0,0,0
528,7743,0,0,0,0,0,0,0
586,99.99,1,4.3,4,0,1,0,0
514,10.5,1,4.3,4,0,1,0,0
1004,9.29,1,4.5,18,1,1,0,0
528,2449,0,0,0,0,0,0,0
633,11.99,1,4.7,240,1,1,9,0
862,54.99,1,3.6,29,1,1,10,0
1029,6.11,1,3.8,333,1,1,11,0
524,12.99,0,4.3,500,1,1,0,0
819,17.99,1,4.3,279,1,0,34,0
781,11.27,1,4.7,558,1,0,46,0
846,6.75,1,4.5,237,1,1,42,0
846,4.89,1,4.4,178,1,1,7,0
226,18,1,4.4,1660,1,1,25,0
9,13.49,1,4.4,622,1,1,39,0
510,18.99,1,4.5,2136,1,1,62,0
745,6.96,1,4.4,230,1,1,5,0
720,11.98,1,4.4,571,1,1,0,0
603,9.97,1,4.4,122,1,1,8,0
745,14.94,1,4.5,2,1,1,0,0
31,22.02,1,4.2,589,1,1,23,0
263,15.99,1,4.6,834,1,1,35,0
633,29.14,1,4.3,49,1,1,7,0
223,11.99,1,4.2,35,1,1,0,0
745,9.5,1,4.6,394,1,1,10,0
745,4.94,0,4.4,558,1,1,12,0
223,3.55,1,4.3,173,1,1,0,0
211,24.84,1,3.3,35,1,1,4,0
223,3.97,0,4.4,293,1,1,14,0
223,10.58,1,3.7,411,1,1,24,0
31,4.68,1,2.3,461,0,1,5,0
529,17.48,1,3,53,1,1,0,0
172,21.34,1,4,115,1,1,10,0
221,19.95,1,3.9,57,1,1,0,0
223,4.36,1,3.4,522,1,1,19,0
31,13.92,1,4.3,614,1,1,12,0
226,8.99,1,4.2,101,1,1,6,0
223,6.2,1,4.6,549,1,1,42,0
226,17.99,1,3.8,161,1,1,13,0
673,12.99,1,4.1,1766,1,1,33,0
60,17.99,1,4,146,1,1,5,0
633,4.99,1,4.6,271,1,1,12,0
828,6.99,1,4.3,33,1,1,4,0
508,19.99,1,4,18,1,1,0,0
846,10.9,1,4.4,320,1,1,47,0
220,24.97,1,4.6,389,1,1,20,0
633,7.97,1,4.4,396,1,1,12,0
31,18.64,1,4.2,967,1,1,26,0
633,63.99,1,4.1,3009,1,0,309,0
633,5.99,1,4.2,437,1,0,11,0
633,4.99,1,4.6,261,1,1,7,0
633,8.99,1,4.4,203,1,1,0,0
633,27.99,1,4.2,917,1,0,28,0
171,16.97,1,4.1,306,1,0,27,0
633,4.99,0,4.8,302,1,0,4,0
99,19.99,1,3.5,639,0,1,43,0
337,12.59,1,4.3,411,1,1,9,0
337,14.99,1,4.7,236,1,1,27,0
31,11.5,1,4.6,1030,1,1,25,0
1012,12.89,1,3.9,145,1,1,5,0
940,19.95,1,4.3,600,1,1,29,0
633,17.99,1,4.4,578,1,1,21,0
555,28.99,0,4.8,272,1,0,37,0
337,39.84,1,4.8,18,1,1,11,0
471,9.9,1,4.4,1360,1,1,33,0
327,8.39,1,4.3,575,1,0,10,0
337,5.99,0,4.8,238,1,1,8,0
1012,18.79,1,4.3,717,0,1,38,0
337,119.99,1,4.4,22,1,1,10,0
152,6.47,1,4.2,1562,1,1,47,0
337,49,1,4.2,30,1,1,9,0
1012,12.6,1,4.6,496,1,1,9,0
471,4.99,1,4.8,170,1,1,4,0
337,15.19,1,4.7,85,0,1,12,0
337,34.99,1,4.6,182,1,1,15,0
1035,24.99,1,4.4,61,1,1,11,0
748,29.51,1,4.8,114,1,1,10,0
337,6.99,1,4.3,1915,1,1,30,0
723,8.97,1,4.7,230,1,1,13,0
101,11.95,1,4,92,1,1,0,0
1012,16.6,1,4.3,1394,1,0,80,0
694,3.88,0,4.7,1674,1,1,47,0
893,39.97,1,4.5,83,1,1,16,0
337,15.99,1,4.2,181,1,1,20,0
81,7.99,1,4.7,183,1,1,6,0
337,42.55,0,4.7,285,1,0,29,0
933,89,1,4.5,104,1,1,36,0
633,16.99,1,4.2,885,1,1,20,0
726,25.45,1,4.5,144,1,1,9,0
723,12.99,1,4.2,32,1,1,10,0
1015,23.4,0,4,376,1,0,14,0
78,13.44,1,4.7,1142,1,0,36,0
745,13.94,1,4.5,577,1,1,8,0
555,39.99,1,4.7,381,1,1,37,0
886,35.88,1,4.1,48,1,1,6,0
548,11.99,1,4.8,1890,1,1,30,0
663,4.99,1,3.9,1590,1,1,13,0
407,8.99,0,4,1588,1,1,21,0
1012,13.76,1,4.3,290,1,1,12,0
337,19.99,1,4.7,36,1,1,9,0
556,61.43,1,4.6,153,1,1,17,0
694,9.99,1,4.4,286,1,1,16,0
6,14.95,1,4.7,1389,1,0,9,0
78,9.95,1,4.4,513,1,1,21,0
694,3.54,0,4.2,2850,1,1,50,0
562,5.99,1,4.5,28,1,1,5,0
562,39.99,1,4.7,38,1,1,0,0
562,8.69,1,4.6,103,1,1,5,0
562,47.99,1,4.8,780,1,1,74,0
562,56,1,4.7,95,1,1,15,0
562,15.99,1,4.8,52,1,1,0,0
562,17.99,1,4.7,175,1,1,8,0
562,36,1,4.8,180,1,1,13,0
562,47.99,1,4.7,167,1,1,6,0
562,11.99,1,4.6,69,1,1,0,0
562,23.99,1,4.6,65,1,1,0,0
562,39.99,1,4.6,45,1,1,4,0
562,34.99,1,4.7,59,1,1,6,0
470,27.99,1,4.5,680,1,1,44,0
576,41.78,1,4.3,195,1,1,11,0
562,29.99,1,4.8,207,1,0,23,0
562,55.99,1,4.6,60,1,1,0,0
562,15.99,1,4.4,15,1,1,0,0
562,12.99,1,4.7,234,0,1,18,0
562,15.99,1,4.6,42,1,0,0,0
562,15.99,1,4.6,26,1,1,3,0
562,13.99,1,4.8,98,0,1,7,0
477,24.97,1,4.7,171,1,0,8,0
562,23.99,1,4.9,34,1,1,3,0
562,47.99,1,4.7,20,1,1,0,0
562,159.95,1,4.3,308,1,1,187,0
562,119.99,1,4.9,558,1,1,41,0
562,19.99,1,4.7,44,1,1,5,0
746,24.95,1,5,1,1,1,0,0
562,15.99,1,4.7,88,1,1,0,0
320,35.99,1,4.5,509,1,0,54,0
615,37.99,1,4.5,628,1,0,55,0
608,49.99,1,4.8,838,1,1,41,0
562,11.97,1,4.8,34,0,1,0,0
562,26.39,1,4.9,37,1,1,0,0
562,15.99,1,4.7,229,1,1,0,0
562,7.99,1,4.8,56,1,1,3,0
746,12.99,1,4.3,126,1,1,12,0
562,29.99,1,4.8,75,1,1,5,0
562,43.99,1,4.7,54,1,1,0,0
562,19.99,1,4.8,60,1,1,0,0
562,15.99,1,4.8,44,1,1,0,0
562,19.99,1,4.9,418,1,1,16,0
465,27.99,1,4.4,301,1,0,12,0
562,23.62,1,4.7,121,1,1,0,0
562,15.99,1,4.8,40,1,1,0,0
563,47.99,1,4.6,10,1,1,17,0
562,23.99,1,4.8,561,1,1,31,0
562,31.99,1,4.9,103,1,1,4,0
562,23.99,1,4.7,40,1,1,0,0
970,8.9,1,4.6,207,1,1,9,0
180,12.88,1,4.6,2311,1,0,48,0
752,19.99,1,4.5,37,1,1,0,0
970,12.6,1,3.9,145,1,1,4,0
752,99.95,1,3.7,4,1,0,0,0
752,19.69,1,4,17,1,1,0,0
889,25.12,1,4.5,528,1,1,46,0
530,9.34,1,4.5,291,0,0,26,0
390,21.99,1,4.8,12,0,0,0,0
752,28.94,1,4.4,127,1,0,16,0
752,40.35,1,0,0,1,0,0,0
1061,9.9,1,5,3,0,0,3,0
180,15.88,1,4.2,725,1,0,39,0
752,26.85,1,3.9,151,1,0,41,0
752,23.1,1,4.6,35,0,0,4,0
390,21.99,1,3.7,25,1,0,4,0
1062,34.99,0,3.7,81,0,0,23,0
534,7.29,1,4,204,1,0,45,0
970,10.46,0,4.1,179,1,1,6,0
769,4.69,1,3.6,7,1,0,3,0
970,24.99,1,4.5,163,1,1,8,0
795,12.99,1,4.5,6,1,0,0,0
970,6.99,1,4.9,21,1,0,0,0
970,11.6,1,4.9,14,1,0,3,0
970,18.96,1,4.8,65,1,1,12,0
752,32.4,1,3.8,17,1,1,6,0
943,11.95,1,3.3,9,1,0,0,0
753,5.1,1,4.2,649,1,0,41,0
752,17.29,1,4.6,155,1,0,17,0
664,12.99,1,5,9,1,0,0,0
970,29.99,1,4.1,1477,1,1,30,0
105,9.4,1,4.9,88,1,1,13,0
533,24.99,1,4.6,66,0,0,14,0
752,29.35,1,4.7,12,1,1,0,0
607,25.88,1,4.1,6,1,0,0,0
752,88.97,1,4.3,245,1,1,31,0
236,34.99,1,4.3,12,1,1,0,0
1062,14.56,1,4.6,314,0,1,87,0
885,14.99,1,4.5,44,1,0,3,0
943,24.95,1,3.3,21,1,0,0,0
752,20.4,1,0,0,1,1,0,0
972,7.05,1,4.1,97,1,0,5,0
661,27.95,1,4.7,4,1,0,0,0
977,8.94,1,5,2,1,0,0,0
970,19.9,1,4.5,198,1,1,27,0
607,13.84,1,3.4,1037,1,0,92,0
390,14.99,1,4.1,16,1,0,0,0
62,6.54,1,4.3,388,1,0,32,0
970,1.99,0,4.2,157,1,0,14,0
130,6.97,1,4.9,14,1,0,0,0
755,17.99,1,4.2,21,1,1,3,0
728,5.99,1,0,0,1,1,22,0
94,20.99,1,4.6,53,1,1,11,0
964,9.99,1,4.2,103,1,1,9,0
94,14.99,1,4.4,166,1,1,10,0
545,29.88,1,4.4,29,1,1,4,0
545,19.49,1,4,163,1,1,10,0
519,143.99,1,4.4,1700,1,1,336,0
545,19.99,1,3.8,90,1,0,20,0
417,14.93,1,5,2,1,1,0,0
330,31.99,1,5,2,0,1,0,0
165,13.91,1,4.7,257,1,1,8,0
94,17.23,1,4.5,108,1,1,6,0
762,11.99,1,3,285,1,1,7,0
94,37.88,1,4.8,8,1,1,7,0
94,8.99,1,4.3,198,0,1,13,0
80,4.79,0,4.7,29,1,1,3,0
411,13.7,1,4.7,604,1,1,14,0
665,19.99,1,4.1,28,1,1,4,0
594,59.99,1,5,3,1,1,7,0
94,16.44,1,4.8,118,1,1,11,0
94,27,1,4.7,203,1,1,5,0
755,14.97,1,5,2,1,1,0,0
755,16.88,1,3.6,15,1,1,3,0
43,60,1,4.7,243,1,1,33,0
94,16.99,1,4.6,583,1,1,61,0
845,19.88,1,4.5,205,1,1,17,0
43,60,1,4.8,270,1,1,52,0
886,15.99,1,4.3,47,1,1,11,0
80,18.84,1,4.6,44,1,1,13,0
94,14.92,1,4.7,274,1,1,10,0
519,64.89,1,4.1,1166,1,1,187,0
621,15.97,1,4.5,84,1,1,12,0
845,25.99,1,4.5,205,1,1,17,0
845,19.99,1,4.5,205,1,1,17,0
947,4.78,1,4.7,1113,1,1,28,0
94,16.79,1,4.2,90,1,1,3,0
125,39.99,1,3,153,1,0,15,0
581,97,1,4.7,21,1,1,12,0
545,29.88,1,4.4,29,1,1,4,0
94,27.99,1,4.6,202,1,1,26,0
94,20.99,1,4.7,26,1,1,4,0
665,52.88,1,4.6,12,1,1,4,0
94,16.99,1,4.6,583,1,1,61,0
94,25.57,1,4.6,158,1,1,32,0
94,24.99,1,4.6,121,1,1,14,0
80,77,1,4.6,3,1,1,6,0
926,12.99,1,4.5,470,1,0,43,0
94,89.99,1,3.5,38,1,1,23,0
165,24.88,1,4.1,22,1,1,4,0
401,21.79,1,4.8,279,1,1,15,0
124,14.99,1,4.4,91,1,0,8,0
519,22.99,1,4.5,1118,1,1,40,0
622,8.99,1,4.2,2010,1,1,63,0
946,16.99,1,4.2,153,1,0,13,0
633,19.99,1,4.7,400,1,1,12,0
633,9.99,1,4.6,109,1,1,3,0
633,12.34,1,4.5,782,1,1,21,0
987,19.99,1,4.5,43,1,1,3,0
277,31.99,1,4.4,556,1,0,33,0
293,50.45,1,4.1,41,1,0,17,0
893,71.99,1,4.4,559,1,1,110,0
987,39.82,1,4.8,8,1,1,0,0
732,8.5,1,4.8,449,1,0,22,0
633,4.99,1,4.2,195,1,0,6,0
260,21.99,1,4.4,1487,1,1,52,0
633,16.99,1,4.8,337,1,1,6,0
641,13.89,1,4.4,35,1,1,0,0
681,24.99,0,4.3,193,0,0,14,0
149,19.99,1,3.2,208,1,0,15,0
498,17.95,0,4.3,263,1,0,10,0
478,21.99,1,3.9,15,1,0,7,0
308,26.28,1,4.4,934,1,1,17,0
401,16.43,1,4.8,1642,1,1,69,0
519,177.01,1,4.4,628,1,1,245,0
744,14.75,1,4.3,68,1,1,3,0
267,6.99,1,4.5,36,1,0,0,0
633,12.79,1,4.9,364,1,1,5,0
633,11.59,1,4.7,406,1,1,12,0
498,13.95,0,4.2,239,1,0,9,0
94,31.95,1,4.5,115,1,0,0,0
633,9.99,1,4.4,684,1,1,9,0
633,16.95,1,4.6,509,1,1,11,0
90,8.99,1,4.4,55,1,0,8,0
385,18.99,1,4.7,23,1,0,0,0
633,22.58,1,4.7,210,1,1,11,0
581,139.99,1,4,18,1,1,20,0
738,24.95,1,4.7,247,1,0,9,0
791,28.89,1,4.7,53,0,0,9,0
555,19.99,1,4.1,196,1,1,6,0
964,14.99,1,4.1,105,1,1,24,0
633,19.99,1,4.8,11,1,1,0,0
265,12.99,1,4.4,68,1,0,3,0
573,19.93,1,4.3,311,1,0,6,0
633,21.49,1,4.6,1858,1,1,37,0
287,74.99,1,3,1051,1,0,273,0
1044,17.97,1,4.3,535,1,0,52,0
360,13.88,1,0,0,1,1,0,0
578,19.99,1,4.3,1769,1,0,25,0
633,26.64,1,4.7,1461,1,1,62,0
417,13.99,1,4.4,423,1,1,32,0
622,3.99,0,4.8,1266,1,1,28,0
763,10.89,1,4.6,274,1,1,9,0
752,12.98,1,4.4,138,1,1,17,0
976,11.99,1,4.4,1067,1,1,31,0
980,35.98,1,4.5,502,1,1,27,0
783,22.9,1,4.8,1237,1,1,40,0
678,29.98,1,3.8,40,1,1,6,0
417,11.91,1,4.4,649,1,1,20,0
75,26.39,1,4.6,2021,1,1,66,0
326,6.99,1,4.9,63,1,1,27,0
752,15.48,1,4.6,64,1,1,11,0
837,9.59,1,4.8,3291,1,1,40,0
391,17.99,1,3.9,50,1,1,3,0
980,25.47,1,4.8,1852,1,1,27,0
417,9.59,1,4.1,821,1,1,29,0
678,24.88,1,3.4,55,1,1,12,0
617,29.99,1,4.2,955,1,0,0,0
622,11.89,1,4.6,741,1,1,16,0
622,5.19,0,4.8,1021,1,1,30,0
417,11.99,1,4.7,176,1,1,6,0
622,21.99,1,4.2,59,1,1,7,0
932,19.95,1,4.8,915,1,1,22,0
1033,4.99,0,2.5,444,1,1,3,0
456,4.63,1,4.3,392,1,1,11,0
639,19.99,1,4.5,585,1,1,30,0
175,19.99,1,4.8,681,1,1,34,0
747,12.26,1,4,300,1,1,20,0
622,11.11,1,4.4,239,1,1,15,0
417,12.47,1,4.5,324,1,1,8,0
397,14.99,1,4.9,1183,1,0,18,0
980,35.9,1,4.6,557,1,1,45,0
970,5.7,1,4.7,2628,0,0,101,0
298,7.13,1,4.8,119,1,1,10,0
244,44.97,1,4.7,4168,1,1,111,0
980,36.61,1,4.6,589,1,1,62,0
742,33.85,1,4.8,166,1,1,14,0
417,11.5,1,4.4,880,1,1,20,0
127,12.52,1,4.5,1119,1,1,32,0
622,5.99,1,4.7,281,1,1,8,0
417,10.31,1,4.2,508,1,1,10,0
1026,11.99,1,4.9,11,1,1,0,0
371,8.79,1,4.7,1470,1,1,14,0
622,15.97,1,4.5,773,1,1,23,0
283,18,1,4.2,2245,1,0,17,0
980,18.28,1,3.9,885,1,1,23,0
417,19.99,1,3.8,460,1,1,38,0
932,19.99,1,4.4,42,1,0,4,0
763,14.23,1,4,207,1,1,4,0
181,17.99,1,4.3,595,1,1,36,0
911,12.99,1,4.8,666,1,0,23,0
580,49.99,1,3.4,503,1,0,63,0
54,99.99,1,2.9,1459,1,1,446,0
1012,38.99,1,4.5,616,1,1,64,0
54,29.99,1,3.6,80,1,1,16,0
1012,29.99,1,4,161,1,1,12,0
1012,34.99,1,4.7,93,1,1,9,0
1012,44.99,1,4.3,1598,1,1,381,0
1023,24.99,1,4.3,323,1,0,25,0
38,15.53,1,4.2,171,1,0,13,0
520,39.99,1,3.9,351,1,0,113,0
1012,29.99,1,4.4,257,1,1,25,0
555,17.88,1,4.4,48,1,1,18,0
555,14.96,1,4.5,3312,1,1,290,0
555,14.97,1,4.5,1551,1,1,77,0
417,14.95,1,4.7,5,1,1,4,0
1012,19.99,1,4.3,43,1,1,3,0
555,39.82,1,3.8,15,1,1,45,0
555,7.99,1,4,10,1,1,7,0
1012,77.49,1,3.1,243,1,1,224,0
1012,49.99,1,4.4,872,1,1,284,0
555,24.76,1,4.2,2572,1,1,186,0
369,77.91,1,4.3,470,1,1,55,0
1012,49.99,1,4.1,48,0,1,47,0
197,33.4,1,3.9,306,1,1,58,0
712,39.99,1,4.5,81,1,1,33,0
417,10.99,1,4.2,236,1,1,17,0
1012,12.97,1,4,198,1,1,26,0
1012,44.81,1,4.2,384,1,1,186,0
555,9.99,1,4.4,153,1,1,8,0
555,19.89,1,4.2,389,1,1,44,0
1012,31.19,1,4.7,340,1,1,17,0
1074,69.99,1,3.8,10,1,1,6,0
1012,19.88,1,4.2,1015,1,1,54,0
766,32.95,1,3.4,722,1,0,45,0
555,21.99,1,4.2,1776,1,1,74,0
573,15.94,0,3.6,176,1,0,15,0
555,15.99,1,4.7,464,1,1,8,0
1012,33.49,1,4.4,514,0,1,26,0
1012,34.99,1,4.8,95,1,1,12,0
441,16.94,1,4.3,1061,1,0,46,0
718,45.37,1,3.4,170,1,1,45,0
430,7.99,1,3.9,791,1,0,28,0
555,79.97,1,3.6,134,1,1,109,0
851,24.49,1,4.1,2078,1,1,78,0
1013,12.88,1,4.1,588,1,1,13,0
1012,29.82,1,4.5,223,1,1,12,0
555,19.99,1,4.1,196,1,1,6,0
1036,119.96,1,2.7,372,1,1,189,0
347,34.99,1,3.4,138,1,0,38,0
505,17.97,1,4.6,51,1,1,6,0
114,13.99,0,4.2,644,0,1,27,0
365,7.68,1,4.6,8,1,1,0,0
746,29.95,1,4.1,24,1,1,0,0
796,29.99,1,4.4,23,1,1,8,0
950,14.99,1,4.3,318,1,1,12,0
337,39.82,1,4.7,63,1,1,6,0
948,19.97,1,4.6,203,1,1,0,0
621,17.87,1,4.7,104,1,1,9,0
621,17.96,1,3.8,227,1,1,24,0
619,7.24,0,4.6,45,1,1,0,0
365,8.78,1,5,12,1,1,0,0
1012,19.99,1,4.6,298,1,1,14,0
897,22.5,1,4,426,1,1,24,0
505,15.17,1,4.5,38,1,1,3,0
746,49.99,1,4.5,87,1,1,7,0
165,16.8,1,4.6,144,1,1,14,0
619,49.9,1,4.5,36,0,1,11,0
418,12.68,1,3.8,6,1,1,0,0
365,8.78,1,4.1,156,1,1,8,0
337,37.99,1,4.4,138,1,1,8,0
365,10.99,1,0,0,1,1,0,0
800,19.78,1,3.9,316,1,1,49,0
505,12.99,1,4.8,76,1,1,0,0
365,9.56,1,4.6,2696,1,1,42,0
337,19.99,1,4.3,53,1,1,0,0
796,8.94,1,4.2,20,1,1,0,0
417,2.99,0,4.1,27,1,1,4,0
950,14.99,1,4.5,1315,1,1,21,0
950,14.99,1,3.9,233,1,1,5,0
800,18.5,1,3.9,316,1,1,49,0
165,15.49,1,4.8,133,1,1,5,0
260,48.79,0,4.1,53,1,1,25,0
1041,18.99,1,4.3,150,1,1,21,0
116,12.99,1,3.9,20,1,1,5,0
304,14.99,1,4.4,265,1,1,19,0
365,10.99,1,4.6,55,1,1,4,0
796,8.94,1,4.2,20,1,1,0,0
417,8.88,1,4.6,14,1,1,0,0
627,24.99,1,0,0,1,1,0,0
260,12.99,1,4.1,165,1,1,5,0
365,10.99,1,4.2,145,1,1,9,0
789,12.99,1,4,8,1,1,0,0
505,17.9,1,3.6,88,1,1,12,0
115,7.89,1,4.6,79,0,1,4,0
505,12.99,1,5,1,1,1,0,0
365,10.34,1,4.6,7,1,1,0,0
796,8.94,1,4.2,20,1,1,0,0
365,10.99,1,4.5,12,0,1,0,0
396,179.99,0,4.1,518,1,0,198,0
5,64.99,1,4.3,115,0,0,30,0
1049,145.95,0,3.6,392,1,0,175,0
780,29.97,1,3.6,152,1,0,18,0
780,68,1,3,1388,1,1,453,0
802,39.93,1,3.4,386,1,0,33,0
432,39.99,1,5,23,0,0,0,0
743,60.19,1,3,4059,1,1,311,0
906,39.99,0,3.6,118,1,1,14,0
600,35.99,0,5,151,1,0,19,0
543,11.88,0,4,82,1,0,4,0
786,19.96,0,5,675,1,1,36,0
636,79.99,0,4.7,1972,1,1,222,0
91,59.99,1,4.3,415,1,0,54,0
786,34.49,0,3.9,269,1,0,33,0
992,27.99,0,4.5,1367,0,0,122,0
114,16.4,0,3.6,307,1,1,11,0
286,56.99,1,4.3,146,1,1,49,0
121,254.99,0,3.1,475,1,0,329,0
227,59.99,0,4.3,391,1,1,83,0
780,14.41,1,4.1,965,1,1,64,0
780,89,1,2.9,1388,1,0,453,0
817,14.99,1,4.4,236,1,0,26,0
725,249,1,3.8,1458,1,1,301,0
782,29.99,0,3.6,615,1,1,24,0
164,39.95,0,3.9,91,0,0,61,0
536,39.99,0,3.4,708,1,0,361,0
780,21.97,0,3.6,965,1,0,64,0
581,28.74,1,4.3,1050,1,1,63,0
759,249,1,4.1,35,0,1,24,0
113,59.99,1,4.5,28,1,0,6,0
286,47.6,1,3.6,367,1,1,66,0
780,49.99,1,4.3,382,1,0,74,0
749,19.99,0,3.6,34,0,1,3,0
786,79,0,3.6,608,1,0,91,0
129,49.99,1,3.4,29,1,0,4,0
51,65.99,0,4.3,101,1,0,14,0
804,48.38,0,4.6,634,0,0,82,0
122,11.39,1,4.6,168,1,0,49,0
786,222.99,0,3.7,1142,1,1,431,0
653,14.46,0,4.6,1346,1,1,80,0
642,39.99,0,5,151,1,0,33,0
866,22.99,0,3.9,176,0,0,39,0
632,165.9,0,4,0,1,0,53,0
780,29.97,1,3.6,45,1,1,17,0
386,19.54,0,4.1,23,0,0,0,0
893,64.99,1,3,2579,1,1,256,0
780,59.99,1,3,338,1,1,70,0
893,49.99,1,3.4,170,1,1,38,0
195,139,0,3.6,168,1,0,78,0
